full_name,whatsapp_number,age,gender,city,monthly_income,existing_customer,app_installed,social_media_active,education,marital_status,kids,recency_days,total_spend
Rohan Patel,919800005524,67,Female,Kochi,58138,Y,Y,Y,Graduation,Single,0,58,1617
Vivaan Verma,919800002174,70,Male,Pune,46344,Y,N,Y,Graduation,Single,2,38,27
Amit Sharma,919800004141,59,Male,Mumbai,71613,Y,Y,N,Graduation,Together,0,26,776
Aditya Gupta,919800006182,40,Female,Delhi,26646,Y,N,Y,Graduation,Together,1,26,53
Kabir Verma,919800005324,43,Female,Mumbai,58293,Y,Y,Y,PhD,Married,1,94,422
Amit Verma,919800007446,57,Male,Kochi,62513,Y,Y,Y,Master,Together,1,16,716
Amit Sharma,919800000965,53,Female,Mumbai,55635,Y,Y,Y,Graduation,Divorced,1,34,590
Kabir Sharma,919800006177,39,Male,Chennai,33454,Y,Y,Y,PhD,Married,1,32,169
Priya Patel,919800004855,50,Male,Lucknow,30351,Y,Y,Y,PhD,Together,1,19,46
Aisha Khan,919800005899,74,Male,Delhi,5648,Y,N,Y,PhD,Together,2,68,49
Amit Das,919800000387,48,Male,Pune,7500,Y,N,Y,Basic,Married,0,59,61
Diya Khan,919800002125,65,Male,Lucknow,63033,Y,Y,N,Graduation,Divorced,0,82,1102
Vivaan Das,919800008180,72,Male,Ahmedabad,59354,Y,Y,Y,Master,Divorced,2,53,310
Pooja Gupta,919800002569,37,Female,Ahmedabad,17323,Y,N,Y,Graduation,Married,0,38,46
Amit Singh,919800002114,78,Female,Chennai,82800,Y,Y,N,PhD,Single,0,23,1315
Kabir Rao,919800009736,44,Male,Indore,41850,Y,Y,Y,Graduation,Married,2,51,96
Kabir Verma,919800004939,78,Female,Jaipur,37760,Y,Y,Y,Graduation,Together,0,20,317
Sneha Iyer,919800006565,75,Female,Chennai,76995,Y,Y,Y,Master,Married,1,91,1782
Meera Verma,919800002278,39,Male,Jaipur,33812,Y,N,Y,2n Cycle,Single,1,86,133
Priya Patel,919800009360,42,Female,Bangalore,37040,Y,Y,Y,Graduation,Married,0,41,316
Sneha Gupta,919800005376,45,Male,Kochi,2447,Y,N,N,Graduation,Married,1,42,1730
Aditya Rao,919800001993,75,Female,Pune,58607,Y,N,Y,PhD,Married,1,63,972
Neha Das,919800004047,70,Female,Lucknow,65324,Y,Y,N,PhD,Married,1,0,544
Karan Verma,919800001409,73,Male,Chennai,40689,Y,Y,Y,Graduation,Together,1,69,444
Sneha Joshi,919800007892,55,Male,Mumbai,18589,Y,N,Y,Graduation,Single,0,89,75
Aisha Mehta,919800002404,48,Female,Chennai,53359,Y,Y,Y,Graduation,Married,2,4,257
Arjun Mehta,919800009422,35,Female,Mumbai,38360,Y,N,N,Graduation,Married,1,26,131
Karan Iyer,919800001966,59,Male,Lucknow,84618,Y,Y,N,PhD,Married,0,96,1672
Diya Singh,919800006864,35,Male,Hyderabad,10979,Y,Y,Y,Master,Divorced,0,34,30
Aisha Patel,919800003033,61,Male,Kolkata,38620,Y,N,N,Master,Together,0,56,318
Arjun Singh,919800005710,54,Male,Bangalore,40548,Y,N,Y,Graduation,Together,1,31,120
Karan Gupta,919800007373,72,Female,Bangalore,46610,Y,Y,Y,PhD,Divorced,2,8,302
Priya Khan,919800008755,78,Female,Indore,68657,Y,Y,Y,Master,Married,0,4,1196
Priya Iyer,919800010738,73,Female,Hyderabad,49389,Y,N,Y,Master,Single,2,55,65
Saanvi Verma,919800004339,54,Male,Bangalore,67353,Y,Y,N,PhD,Married,1,37,913
Kabir Mehta,919800010755,48,Male,Mumbai,23718,Y,Y,Y,2n Cycle,Married,1,76,81
Sneha Das,919800008595,51,Male,Chennai,42429,Y,N,Y,Graduation,Widow,1,99,67
Aisha Sharma,919800002968,81,Male,Kolkata,48948,Y,Y,Y,PhD,Divorced,0,53,902
Pooja Iyer,919800008601,44,Female,Bangalore,80011,Y,Y,N,Graduation,Married,1,3,1395
Rahul Das,919800000503,39,Male,Ahmedabad,20559,Y,N,Y,Master,Married,1,88,53
Pooja Gupta,919800008430,67,Female,Kolkata,21994,Y,N,Y,Graduation,Together,1,4,22
Arjun Verma,919800002139,49,Female,Kochi,7500,Y,N,Y,Master,Married,1,19,31
Arjun Sharma,919800001371,48,Male,Delhi,79941,Y,N,N,Graduation,Single,0,72,984
Ishaan Singh,919800009909,28,Male,Delhi,7500,Y,Y,Y,2n Cycle,Married,0,24,122
Rohan Das,919800007286,56,Male,Delhi,41728,Y,N,Y,Graduation,Together,1,92,55
Aarav Das,919800006566,70,Male,Jaipur,72550,Y,Y,Y,PhD,Married,2,39,1319
Diya Iyer,919800008614,67,Male,Delhi,65486,Y,Y,N,Graduation,Widow,1,29,507
Ishaan Das,919800004114,60,Female,Bangalore,79143,Y,Y,N,Master,Married,0,2,1693
Riya Iyer,919800001331,47,Female,Ahmedabad,35790,Y,N,Y,Graduation,Single,1,54,72
Diya Verma,919800002225,47,Female,Ahmedabad,82582,Y,Y,N,Graduation,Divorced,0,54,1617
Sneha Singh,919800009381,46,Female,Delhi,66373,Y,Y,N,Graduation,Married,2,57,606
Saanvi Verma,919800006260,69,Female,Indore,82384,Y,Y,N,Master,Together,0,55,1957
Riya Singh,919800010383,58,Male,Jaipur,70287,Y,Y,N,Graduation,Divorced,0,30,1093
Aarav Reddy,919800007437,36,Female,Bangalore,27938,Y,N,N,Graduation,Single,1,31,29
Pooja Sharma,919800008375,56,Female,Kochi,55954,Y,Y,Y,PhD,Married,1,63,518
Aditya Joshi,919800006853,42,Female,Jaipur,75777,Y,Y,N,Master,Single,0,12,1438
Neha Patel,919800003076,49,Female,Nagpur,66653,Y,Y,N,Graduation,Together,2,18,612
Kabir Khan,919800001012,72,Female,Kochi,61823,Y,Y,Y,Graduation,Single,1,26,884
Kabir Das,919800006518,73,Male,Nagpur,67680,Y,Y,Y,PhD,Widow,1,8,606
Kabir Gupta,919800004137,76,Male,Hyderabad,70666,Y,Y,N,Graduation,Together,0,29,1076
Rahul Singh,919800008082,53,Female,Indore,25721,Y,N,Y,Graduation,Married,1,75,34
Aarav Sharma,919800001386,57,Female,Ahmedabad,32474,Y,N,Y,Graduation,Together,2,0,11
Riya Reddy,919800009369,45,Female,Ahmedabad,88194,Y,Y,Y,2n Cycle,Single,1,19,1274
Neha Iyer,919800004477,66,Male,Hyderabad,69096,Y,Y,N,Graduation,Together,1,4,653
Diya Reddy,919800001357,54,Female,Hyderabad,74854,Y,N,Y,Graduation,Together,3,90,1562
Rohan Reddy,919800001402,70,Female,Lucknow,66991,Y,Y,N,Master,Married,0,1,1253
Meera Sharma,919800006312,65,Female,Kochi,65031,Y,Y,Y,Graduation,Married,1,29,863
Neha Rao,919800008132,49,Male,Surat,60631,Y,Y,Y,PhD,Married,2,88,661
Diya Gupta,919800001050,72,Male,Ahmedabad,28332,Y,N,N,Graduation,Married,0,58,65
Ananya Gupta,919800005846,47,Female,Delhi,40246,Y,N,Y,Graduation,Divorced,1,68,13
Arjun Singh,919800001859,52,Female,Indore,75251,Y,Y,Y,Master,Married,0,34,1890
Aditya Joshi,919800007503,48,Male,Bangalore,75825,Y,Y,N,Graduation,Single,0,40,2209
Saanvi Sharma,919800010401,48,Male,Lucknow,26326,Y,N,N,2n Cycle,Together,0,12,18
Karan Rao,919800001618,59,Male,Lucknow,56046,Y,Y,Y,Graduation,Together,0,9,692
Meera Singh,919800003332,39,Female,Bangalore,29760,Y,Y,Y,Graduation,Single,1,87,165
Pooja Khan,919800002261,55,Male,Mumbai,26304,Y,N,Y,Graduation,Married,1,5,16
Aarav Rao,919800005346,51,Male,Jaipur,23559,Y,Y,Y,2n Cycle,Married,1,87,79
Saanvi Gupta,919800004119,61,Male,Surat,38620,Y,N,N,Master,Together,0,56,318
Ishaan Sharma,919800000535,37,Female,Hyderabad,81361,Y,Y,N,Graduation,Divorced,0,18,778
Aisha Khan,919800005268,64,Male,Nagpur,29440,Y,N,Y,Graduation,Married,2,95,56
Amit Iyer,919800000273,54,Female,Jaipur,36138,Y,Y,Y,Master,Married,2,48,151
Priya Patel,919800004452,67,Male,Indore,50388,Y,Y,Y,Graduation,Single,1,3,372
Neha Singh,919800008504,51,Female,Surat,79593,Y,Y,N,Graduation,Married,0,70,1366
Rahul Patel,919800000771,57,Male,Jaipur,54178,Y,N,N,Graduation,Together,1,79,194
Rahul Sharma,919800011178,52,Female,Nagpur,42394,Y,N,Y,Master,Single,1,69,32
Ananya Das,919800002230,54,Male,Nagpur,23626,Y,Y,Y,PhD,Married,1,84,43
Saanvi Patel,919800007516,41,Male,Ahmedabad,30096,Y,N,Y,Graduation,Married,1,30,45
Meera Joshi,919800007247,64,Male,Jaipur,47916,Y,Y,Y,Graduation,Widow,1,72,606
Vivaan Iyer,919800011100,52,Female,Nagpur,51813,Y,N,Y,Graduation,Divorced,2,37,63
Diya Khan,919800004646,73,Male,Hyderabad,78497,Y,Y,N,2n Cycle,Married,0,44,978
Ishaan Nair,919800003037,41,Male,Nagpur,50150,Y,Y,Y,PhD,Married,0,32,410
Diya Khan,919800001473,64,Female,Jaipur,47823,Y,N,Y,2n Cycle,Single,1,0,72
Aarav Rao,919800001016,65,Male,Ahmedabad,34554,Y,N,Y,PhD,Single,1,43,55
Rohan Das,919800004518,45,Male,Indore,85693,Y,Y,Y,Graduation,Together,1,59,1169
Riya Singh,919800009370,79,Female,Jaipur,65846,Y,Y,N,PhD,Married,0,68,1120
Kabir Joshi,919800008908,65,Female,Jaipur,87195,Y,Y,N,Graduation,Married,0,35,1097
Ishaan Singh,919800008373,45,Male,Kolkata,24594,Y,N,Y,Basic,Together,1,94,29
Diya Gupta,919800007533,60,Female,Pune,49096,Y,Y,Y,Graduation,Married,2,15,187
Aditya Mehta,919800002683,55,Male,Kolkata,52413,Y,Y,Y,Graduation,Married,2,56,910
Aditya Reddy,919800003629,46,Female,Nagpur,38557,Y,Y,Y,Graduation,Single,1,17,145
Diya Rao,919800010991,64,Male,Indore,89058,Y,Y,N,Master,Married,0,18,850
Neha Patel,919800005077,45,Female,Bangalore,77298,Y,Y,N,Graduation,Together,1,46,969
Karan Reddy,919800007431,33,Male,Kolkata,68126,Y,Y,Y,PhD,Single,0,40,1820
Sneha Patel,919800003267,61,Male,Bangalore,57288,Y,Y,Y,Master,Together,1,27,608
Priya Khan,919800000999,33,Female,Pune,86037,Y,Y,N,Graduation,Single,0,95,730
Priya Reddy,919800009215,44,Female,Pune,43974,Y,Y,Y,PhD,Married,1,19,551
Aditya Joshi,919800002286,62,Female,Mumbai,50785,Y,N,Y,Graduation,Single,2,27,114
Rohan Khan,919800001592,54,Female,Ahmedabad,90765,Y,Y,N,Graduation,Married,0,25,1724
Aarav Gupta,919800000367,46,Female,Jaipur,36550,Y,Y,Y,2n Cycle,Married,1,74,577
Meera Nair,919800005234,57,Male,Delhi,30753,Y,N,Y,2n Cycle,Together,2,85,81
Kabir Verma,919800009862,55,Male,Chennai,21918,Y,N,Y,Graduation,Together,1,37,33
Riya Sharma,919800009805,71,Male,Chennai,56129,Y,Y,N,Master,Together,1,65,660
Saanvi Gupta,919800006205,57,Female,Kolkata,32557,Y,N,Y,Master,Single,1,13,80
Saanvi Khan,919800008442,39,Female,Indore,19510,Y,N,Y,Master,Married,2,63,30
Rohan Verma,919800007386,48,Female,Mumbai,30992,Y,N,Y,Graduation,Divorced,1,83,43
Ananya Gupta,919800007215,41,Male,Chennai,101970,Y,Y,N,Graduation,Single,0,69,1135
Aarav Mehta,919800001491,59,Male,Nagpur,71488,Y,Y,N,2n Cycle,Together,0,87,559
Riya Verma,919800011071,40,Male,Delhi,79607,Y,Y,N,Graduation,Single,0,37,1923
Riya Verma,919800003381,71,Female,Mumbai,54348,Y,N,Y,Master,Married,2,51,90
Rohan Khan,919800011051,68,Female,Chennai,77376,Y,Y,N,PhD,Together,2,72,661
Meera Patel,919800008026,72,Male,Jaipur,62998,Y,Y,Y,Graduation,Married,1,10,463
Kabir Verma,919800000433,66,Male,Chennai,61331,Y,Y,Y,Master,Alone,2,42,632
Vivaan Patel,919800009597,55,Male,Chennai,73448,Y,Y,N,Graduation,Married,0,10,725
Aisha Khan,919800005290,60,Male,Chennai,41551,Y,Y,Y,PhD,Married,2,51,279
Karan Khan,919800001685,57,Male,Chennai,62981,Y,Y,N,PhD,Together,0,21,1482
Neha Rao,919800005342,48,Male,Chennai,9548,Y,N,Y,Basic,Divorced,1,31,29
Vivaan Sharma,919800009579,65,Male,Indore,33762,Y,N,Y,PhD,Married,3,61,106
Rahul Khan,919800007660,51,Male,Jaipur,35860,Y,N,Y,PhD,Alone,2,37,49
Sneha Reddy,919800001461,59,Female,Delhi,36921,Y,N,Y,PhD,Divorced,2,74,38
Priya Mehta,919800000821,32,Female,Jaipur,92859,Y,Y,N,Master,Single,0,46,2077
Arjun Khan,919800011084,48,Female,Indore,65104,Y,Y,Y,Master,Together,1,4,1053
Ishaan Reddy,919800008690,62,Female,Hyderabad,86111,Y,Y,N,Graduation,Married,0,73,1385
Saanvi Gupta,919800002937,50,Female,Mumbai,68352,Y,Y,Y,PhD,Single,1,47,871
Saanvi Sharma,919800009701,36,Male,Kochi,41883,Y,Y,Y,Graduation,Together,1,13,312
Riya Gupta,919800009949,48,Male,Mumbai,59809,Y,Y,Y,Graduation,Married,2,36,877
Aditya Mehta,919800010837,49,Female,Surat,23957,Y,N,Y,Graduation,Married,1,47,68
Rahul Mehta,919800003120,43,Female,Lucknow,38547,Y,N,Y,Graduation,Together,1,49,22
Kabir Joshi,919800005885,51,Female,Mumbai,35688,Y,Y,Y,2n Cycle,Married,3,94,211
Karan Patel,919800004050,58,Male,Chennai,49605,Y,N,N,Master,Married,0,65,127
Karan Sharma,919800003830,71,Female,Pune,59354,Y,Y,N,Master,Married,2,59,459
Rohan Khan,919800007987,55,Female,Hyderabad,65747,Y,Y,Y,Graduation,Married,1,96,460
Vivaan Nair,919800007798,52,Male,Pune,46344,Y,Y,Y,2n Cycle,Together,1,28,429
Ananya Sharma,919800000092,36,Female,Kolkata,34176,Y,Y,Y,Graduation,Alone,1,12,89
Aditya Singh,919800007055,72,Female,Jaipur,61010,Y,Y,Y,PhD,Together,1,57,1021
Ishaan Reddy,919800010240,75,Male,Delhi,69372,Y,Y,N,Graduation,Together,0,10,1381
Riya Verma,919800003025,66,Male,Kolkata,49967,Y,Y,Y,Graduation,Single,1,4,306
Amit Sharma,919800009283,46,Female,Mumbai,60199,Y,N,N,Graduation,Single,3,49,18
Aisha Nair,919800009970,47,Male,Delhi,55375,Y,N,N,Graduation,Together,1,3,162
Amit Khan,919800002730,69,Male,Kochi,80317,Y,Y,N,Graduation,Single,0,64,1231
Meera Gupta,919800002795,66,Female,Indore,30523,Y,N,Y,Master,Single,3,0,13
Sneha Patel,919800009260,79,Female,Indore,70356,Y,Y,Y,PhD,Married,0,20,1706
Meera Mehta,919800008182,40,Male,Mumbai,23228,Y,Y,Y,Graduation,Married,1,91,121
Rahul Mehta,919800010095,49,Female,Indore,74165,Y,Y,N,PhD,Divorced,0,9,1293
Rahul Patel,919800008475,51,Male,Surat,157243,Y,N,N,PhD,Married,1,98,1608
Amit Rao,919800004370,58,Male,Delhi,43482,Y,N,Y,Graduation,Together,3,83,88
Aarav Sharma,919800010573,71,Male,Kochi,62551,Y,Y,N,Graduation,Divorced,0,27,421
Neha Verma,919800003712,65,Female,Surat,52332,Y,Y,N,Graduation,Divorced,0,63,259
Karan Khan,919800006637,36,Male,Kochi,66951,Y,Y,N,Graduation,Single,0,46,1117
Aarav Mehta,919800003152,67,Male,Ahmedabad,26091,Y,N,Y,Graduation,Together,2,84,89
Riya Sharma,919800005610,59,Female,Nagpur,33456,Y,N,Y,Graduation,Together,2,58,36
Aditya Joshi,919800006460,42,Male,Kochi,28718,Y,N,Y,Graduation,Married,1,78,57
Rahul Verma,919800001349,54,Female,Chennai,50447,Y,Y,Y,Graduation,Married,2,4,148
Aditya Nair,919800001880,65,Male,Indore,53537,Y,N,Y,PhD,Together,2,17,93
Ishaan Reddy,919800000641,57,Female,Ahmedabad,52074,Y,N,N,Graduation,Single,1,77,119
Arjun Verma,919800008717,49,Female,Kochi,80427,Y,Y,Y,PhD,Married,1,56,1835
Aisha Rao,919800010314,76,Male,Lucknow,83837,Y,Y,N,PhD,Married,0,79,1318
Ishaan Verma,919800010854,54,Male,Pune,38853,Y,N,Y,PhD,Married,2,90,45
Riya Mehta,919800010492,65,Female,Lucknow,38285,Y,N,N,Graduation,Together,3,96,10
Amit Patel,919800006935,73,Male,Ahmedabad,78497,Y,Y,N,2n Cycle,Married,0,44,978
Vivaan Singh,919800007698,48,Female,Kochi,51650,Y,Y,Y,PhD,Married,1,81,191
Diya Joshi,919800003559,36,Male,Kochi,16248,Y,N,Y,2n Cycle,Married,1,77,57
Sneha Nair,919800010562,78,Female,Ahmedabad,66835,Y,Y,N,Master,Married,0,21,1033
Karan Singh,919800010796,40,Male,Jaipur,30477,Y,N,Y,Master,Married,1,16,66
Ishaan Nair,919800002563,63,Male,Ahmedabad,28249,Y,N,Y,Basic,Married,0,80,43
Aarav Nair,919800003518,41,Female,Delhi,25271,Y,N,Y,Graduation,Married,1,45,50
Rahul Singh,919800005823,54,Female,Kolkata,32303,Y,N,Y,PhD,Single,1,63,39
Ishaan Reddy,919800003934,58,Male,Lucknow,61286,Y,Y,Y,Graduation,Married,1,34,608
Aditya Patel,919800006982,48,Female,Pune,74068,Y,Y,N,Graduation,Married,0,14,1581
Saanvi Das,919800006431,60,Female,Delhi,45759,Y,N,Y,PhD,Married,2,13,68
Neha Reddy,919800009733,46,Female,Ahmedabad,24882,Y,N,Y,Basic,Together,1,52,80
Arjun Sharma,919800005602,35,Male,Mumbai,66973,Y,Y,N,PhD,Together,0,98,1282
Sneha Mehta,919800007829,90,Female,Kolkata,36640,Y,N,Y,2n Cycle,Divorced,1,99,65
Aisha Joshi,919800001324,36,Male,Kolkata,38872,Y,Y,Y,Graduation,Married,1,93,91
Neha Gupta,919800000326,51,Female,Delhi,51148,Y,Y,Y,Graduation,Married,2,38,315
Rohan Sharma,919800007224,47,Female,Nagpur,31353,Y,N,Y,Graduation,Married,2,24,31
Rohan Gupta,919800006999,44,Male,Hyderabad,69661,Y,Y,N,Master,Married,0,80,834
Aarav Joshi,919800009938,70,Female,Chennai,80067,Y,Y,N,Graduation,Married,0,82,1600
Neha Verma,919800006422,70,Female,Kolkata,86718,Y,Y,N,Graduation,Married,0,20,1270
Amit Verma,919800003182,51,Female,Kolkata,46854,Y,Y,Y,PhD,Single,2,81,263
Riya Sharma,919800007300,72,Female,Delhi,69142,Y,Y,Y,Graduation,Divorced,1,50,535
Vivaan Mehta,919800010424,56,Female,Kochi,75922,Y,Y,N,Graduation,Single,0,60,1295
Saanvi Reddy,919800008727,46,Female,Kolkata,63693,Y,Y,Y,Graduation,Divorced,1,63,1150
Rahul Iyer,919800002798,47,Male,Nagpur,102160,Y,Y,N,PhD,Together,0,54,1240
Neha Rao,919800001030,59,Female,Mumbai,40637,Y,N,Y,PhD,Single,2,72,38
Arjun Khan,919800000624,40,Male,Indore,18890,Y,N,Y,Master,Single,0,5,35
Aditya Sharma,919800005176,36,Female,Ahmedabad,29604,Y,N,Y,Graduation,Together,1,88,53
Meera Rao,919800005552,61,Male,Kochi,48721,Y,Y,Y,Master,Divorced,2,50,293
Aisha Singh,919800000868,58,Male,Jaipur,44794,Y,N,Y,Graduation,Married,1,99,65
Saanvi Patel,919800000380,70,Female,Kolkata,64497,Y,Y,Y,Graduation,Divorced,1,17,1804
Rohan Nair,919800002677,68,Female,Chennai,46097,Y,Y,N,Graduation,Together,1,11,241
Riya Gupta,919800006521,70,Male,Chennai,77972,Y,Y,N,Graduation,Together,0,18,1101
Sneha Khan,919800006927,56,Female,Delhi,44377,Y,Y,Y,PhD,Married,2,70,264
Ananya Mehta,919800002877,50,Male,Delhi,46014,Y,Y,Y,Master,Together,2,21,541
Ishaan Khan,919800000000,39,Female,Jaipur,70951,Y,Y,N,Graduation,Married,0,66,1198
Kabir Singh,919800001584,47,Female,Nagpur,41443,Y,Y,Y,Graduation,Married,1,79,482
Karan Gupta,919800007264,46,Male,Jaipur,52195,Y,N,Y,2n Cycle,Single,3,2,17
Ishaan Reddy,919800006274,76,Male,Bangalore,83790,Y,Y,N,Master,Married,0,81,1615
Rohan Khan,919800001377,70,Male,Pune,44551,Y,Y,Y,Master,Widow,1,24,285
Kabir Iyer,919800000454,44,Female,Nagpur,69508,Y,Y,Y,Graduation,Together,1,48,1135
Amit Reddy,919800001755,36,Male,Indore,45204,Y,N,N,2n Cycle,Together,1,93,114
Priya Gupta,919800002075,55,Female,Indore,72460,Y,Y,N,Graduation,Married,0,56,1047
Rahul Reddy,919800004785,54,Female,Chennai,77622,Y,Y,N,PhD,Together,2,3,714
Rohan Rao,919800009076,44,Male,Ahmedabad,30732,Y,Y,Y,PhD,Married,1,44,185
Riya Das,919800007079,62,Female,Bangalore,63887,Y,Y,Y,Graduation,Divorced,1,38,1245
Rahul Khan,919800004653,46,Male,Delhi,42011,Y,Y,Y,Graduation,Together,1,46,189
Riya Reddy,919800007375,48,Female,Kolkata,51369,Y,Y,Y,Graduation,Together,1,84,576
Karan Gupta,919800000709,72,Female,Surat,51537,Y,N,Y,Graduation,Divorced,1,27,1103
Aarav Patel,919800000460,52,Male,Kolkata,79930,Y,Y,N,PhD,Married,0,72,1753
Sneha Das,919800003726,38,Female,Mumbai,34320,Y,N,Y,PhD,Together,1,66,17
Aditya Gupta,919800006798,58,Female,Ahmedabad,37070,Y,Y,Y,Graduation,Single,2,30,433
Kabir Rao,919800005341,62,Male,Hyderabad,81975,Y,Y,Y,2n Cycle,Divorced,1,2,1588
Saanvi Patel,919800001606,53,Male,Surat,38590,Y,N,Y,Graduation,Together,1,65,22
Karan Verma,919800009617,73,Male,Mumbai,15033,Y,N,N,Graduation,Single,0,37,19
Saanvi Reddy,919800003233,59,Male,Kochi,62745,Y,Y,Y,PhD,Married,1,89,1117
Aisha Patel,919800000089,49,Female,Jaipur,22212,Y,N,Y,2n Cycle,Married,1,49,69
Priya Joshi,919800002936,42,Male,Delhi,23661,Y,N,Y,Master,Together,1,46,23
Aditya Nair,919800009449,66,Male,Kolkata,79761,Y,Y,N,PhD,Single,1,32,605
Riya Reddy,919800007297,51,Male,Mumbai,7500,Y,Y,Y,Graduation,Single,1,54,57
Pooja Nair,919800011004,90,Female,Chennai,60182,Y,N,N,2n Cycle,Single,1,23,22
Rohan Mehta,919800000313,56,Male,Ahmedabad,73455,Y,Y,N,Graduation,Widow,0,98,2088
Rahul Reddy,919800009940,66,Male,Mumbai,64961,Y,Y,N,Graduation,Together,1,97,1009
Priya Joshi,919800010735,53,Female,Mumbai,22804,Y,N,Y,Graduation,Single,1,75,26
Aarav Reddy,919800009529,34,Female,Kochi,73687,Y,Y,N,Graduation,Married,0,8,1627
Priya Verma,919800006439,66,Female,Hyderabad,61074,Y,Y,Y,Graduation,Married,1,37,1102
Priya Iyer,919800007411,60,Male,Ahmedabad,31686,Y,N,Y,PhD,Married,2,31,17
Vivaan Joshi,919800002176,52,Female,Indore,80134,Y,Y,Y,Graduation,Married,1,40,1690
Priya Iyer,919800009265,71,Female,Hyderabad,75027,Y,Y,Y,Graduation,Married,1,74,1390
Aarav Rao,919800008867,36,Female,Indore,67546,Y,Y,N,PhD,Married,0,90,2126
Rahul Verma,919800008932,55,Male,Ahmedabad,65176,Y,Y,Y,Master,Together,1,57,1531
Ishaan Nair,919800010236,49,Male,Hyderabad,31160,Y,N,Y,Master,Single,1,59,64
Karan Reddy,919800006340,39,Female,Nagpur,29938,Y,N,Y,Graduation,Single,1,52,26
Aisha Verma,919800010089,50,Female,Lucknow,102692,Y,Y,N,Graduation,Divorced,0,5,1112
Ananya Reddy,919800002227,66,Female,Kolkata,26490,Y,Y,Y,2n Cycle,Together,0,92,210
Vivaan Das,919800010992,57,Male,Kolkata,75702,Y,Y,Y,Graduation,Together,2,77,1148
Vivaan Reddy,919800005304,50,Male,Lucknow,30899,Y,N,Y,PhD,Single,1,35,33
Saanvi Gupta,919800000309,63,Male,Indore,63342,Y,Y,Y,PhD,Together,1,48,1101
Vivaan Patel,919800003406,60,Female,Ahmedabad,45989,Y,Y,N,Graduation,Single,1,97,322
Rohan Joshi,919800002661,60,Male,Delhi,18701,Y,N,Y,Graduation,Single,2,95,44
Ananya Iyer,919800003153,67,Male,Bangalore,40737,Y,N,Y,PhD,Single,3,24,17
Rahul Joshi,919800010264,45,Female,Mumbai,15287,Y,N,Y,Graduation,Divorced,1,60,31
Aisha Mehta,919800001184,56,Female,Surat,69674,Y,Y,Y,PhD,Divorced,2,46,845
Neha Iyer,919800004200,54,Female,Bangalore,44159,Y,Y,Y,Master,Married,1,85,275
Diya Sharma,919800009396,46,Male,Chennai,37717,Y,N,Y,PhD,Married,1,31,25
Aditya Iyer,919800002387,72,Female,Delhi,43776,Y,Y,Y,Master,Together,2,9,275
Pooja Rao,919800006690,58,Male,Kolkata,38179,Y,Y,Y,Master,Married,2,30,90
Neha Rao,919800001225,61,Female,Surat,80124,Y,Y,N,Graduation,Married,0,47,1495
Priya Verma,919800009703,54,Male,Indore,38097,Y,Y,Y,PhD,Married,2,70,184
Sneha Reddy,919800000291,54,Female,Jaipur,72940,Y,Y,N,Graduation,Married,0,13,981
Karan Reddy,919800004557,54,Female,Pune,22070,Y,N,Y,Graduation,Together,1,11,67
Sneha Sharma,919800002379,71,Female,Hyderabad,69267,Y,Y,Y,Graduation,Single,0,31,1635
Arjun Sharma,919800005726,41,Female,Mumbai,31788,Y,Y,Y,Master,Single,1,15,60
Karan Verma,919800003066,49,Male,Chennai,61905,Y,Y,Y,PhD,Together,1,2,231
Ishaan Joshi,919800006336,64,Male,Lucknow,29315,Y,N,Y,Graduation,Married,2,55,48
Rohan Iyer,919800010967,61,Female,Pune,33378,Y,N,Y,Graduation,Divorced,2,38,99
Meera Sharma,919800002304,61,Female,Indore,66313,Y,Y,N,PhD,Together,1,86,770
Rohan Nair,919800003445,68,Female,Mumbai,60714,Y,Y,Y,Graduation,Single,0,56,957
Meera Rao,919800007828,43,Male,Mumbai,77882,Y,Y,N,Master,Together,0,29,818
Kabir Verma,919800003762,38,Female,Indore,69867,Y,Y,N,PhD,Single,0,30,925
Karan Rao,919800004391,56,Female,Nagpur,63841,Y,Y,Y,Master,Divorced,1,64,908
Riya Gupta,919800004669,43,Female,Bangalore,24480,Y,Y,Y,Basic,Married,1,46,102
Sneha Patel,919800010144,48,Male,Nagpur,51369,Y,Y,Y,Graduation,Together,1,84,576
Aisha Joshi,919800008652,78,Male,Lucknow,37760,Y,Y,Y,Graduation,Together,0,20,317
Kabir Iyer,919800001672,50,Female,Ahmedabad,65640,Y,Y,N,PhD,Together,1,74,461
Neha Rao,919800008962,49,Male,Jaipur,44319,Y,N,Y,Master,Married,2,18,37
Ishaan Gupta,919800009974,50,Male,Hyderabad,30631,Y,Y,Y,Graduation,Married,1,75,70
Priya Verma,919800010983,72,Male,Ahmedabad,75278,Y,Y,N,Graduation,Together,0,17,930
Pooja Khan,919800008148,68,Female,Bangalore,50898,Y,Y,Y,Master,Together,2,88,859
Priya Verma,919800010102,58,Male,Chennai,79946,Y,Y,N,Graduation,Widow,0,19,1478
Meera Verma,919800004697,75,Male,Delhi,35416,Y,Y,Y,Master,Divorced,0,62,390
Priya Singh,919800009262,40,Female,Bangalore,32414,Y,N,Y,2n Cycle,Together,0,11,52
Kabir Patel,919800007254,55,Female,Ahmedabad,38361,Y,Y,Y,Graduation,Together,1,74,137
Meera Mehta,919800004543,44,Male,Indore,82497,Y,N,N,Graduation,Married,0,32,1919
Pooja Rao,919800004927,53,Male,Nagpur,16626,Y,Y,Y,Graduation,Together,2,76,68
Aisha Nair,919800010451,59,Female,Lucknow,29672,Y,N,Y,Graduation,Together,2,6,25
Riya Iyer,919800002926,72,Female,Indore,55951,Y,Y,Y,Master,Together,1,62,1374
Riya Reddy,919800002874,36,Female,Hyderabad,35388,Y,N,Y,2n Cycle,Divorced,1,20,32
Ananya Reddy,919800009738,38,Male,Bangalore,42386,Y,Y,Y,Master,Together,1,43,100
Aisha Das,919800007119,42,Male,Pune,68627,Y,N,N,Graduation,Single,0,45,825
Aditya Gupta,919800003924,59,Female,Hyderabad,57912,Y,Y,Y,PhD,Divorced,1,34,916
Rahul Khan,919800005827,66,Male,Kochi,35246,Y,Y,Y,Graduation,Divorced,2,53,62
Diya Mehta,919800005596,68,Female,Mumbai,58821,Y,Y,Y,2n Cycle,Together,1,44,728
Diya Sharma,919800010812,46,Female,Surat,46377,Y,N,N,PhD,Married,1,89,90
Kabir Singh,919800001717,36,Female,Mumbai,39747,Y,Y,Y,Graduation,Single,1,43,273
Aisha Reddy,919800009491,40,Male,Mumbai,23976,Y,Y,Y,Graduation,Together,1,68,66
Ishaan Das,919800009274,63,Male,Delhi,80950,Y,Y,N,Master,Married,0,44,1213
Neha Khan,919800006609,58,Male,Ahmedabad,27038,Y,Y,Y,Graduation,Widow,0,64,107
Meera Nair,919800006963,77,Male,Delhi,77457,Y,N,N,Graduation,Single,0,85,1157
Meera Joshi,919800004440,60,Female,Hyderabad,64100,Y,Y,Y,Master,Married,1,93,546
Vivaan Iyer,919800001379,32,Female,Bangalore,42670,Y,Y,N,Master,Together,0,12,241
Vivaan Reddy,919800010032,48,Female,Mumbai,12571,Y,Y,Y,Graduation,Divorced,1,86,53
Meera Joshi,919800002826,57,Male,Surat,22574,Y,N,Y,Graduation,Married,3,28,37
Aarav Iyer,919800006320,48,Female,Kochi,70893,Y,Y,N,Master,Single,0,42,1508
Neha Patel,919800003050,58,Female,Delhi,54198,Y,Y,N,Graduation,Married,2,13,235
Ishaan Sharma,919800000231,68,Female,Jaipur,28839,Y,N,Y,Master,Together,2,86,32
Sneha Verma,919800002392,52,Female,Delhi,40321,Y,Y,Y,Graduation,Married,2,59,102
Arjun Mehta,919800009478,39,Male,Kochi,66503,Y,Y,N,Graduation,Single,1,30,401
Pooja Verma,919800000113,73,Male,Kolkata,30833,Y,N,Y,Graduation,Married,2,33,28
Riya Gupta,919800001802,53,Female,Kochi,64795,Y,Y,N,Graduation,Married,1,23,680
Aisha Gupta,919800000520,50,Male,Chennai,34421,Y,N,Y,Graduation,Married,1,81,30
Amit Iyer,919800008275,59,Female,Kolkata,47025,Y,N,Y,PhD,Divorced,2,6,20
Aarav Rao,919800009750,63,Female,Kochi,64325,Y,Y,Y,PhD,Divorced,1,41,1307
Ishaan Gupta,919800002607,71,Female,Hyderabad,40464,Y,Y,Y,Graduation,Single,1,78,630
Aarav Gupta,919800007214,67,Male,Kolkata,62187,Y,Y,N,Graduation,Married,0,49,1283
Diya Verma,919800005835,48,Female,Lucknow,14849,Y,N,Y,PhD,Divorced,1,39,65
Neha Singh,919800003896,40,Male,Bangalore,27255,Y,N,Y,Graduation,Married,1,3,37
Aarav Sharma,919800010350,74,Male,Kochi,54432,Y,N,N,PhD,Married,3,37,38
Arjun Verma,919800007786,38,Female,Indore,29999,Y,Y,Y,PhD,Single,1,22,160
Rahul Patel,919800002861,41,Male,Pune,24072,Y,N,Y,Graduation,Single,1,79,23
Aisha Patel,919800000663,35,Male,Delhi,33996,Y,N,N,PhD,Single,0,46,71
Diya Gupta,919800010675,68,Female,Nagpur,66334,Y,Y,Y,PhD,Married,1,82,1161
Ishaan Nair,919800002521,53,Male,Surat,35178,Y,N,Y,Master,Married,1,10,59
Vivaan Singh,919800009592,41,Female,Mumbai,22010,Y,N,Y,Graduation,Together,1,51,33
Meera Mehta,919800010151,64,Female,Delhi,62204,Y,Y,N,Graduation,Divorced,2,38,946
Meera Joshi,919800007381,56,Male,Kochi,75693,Y,Y,N,Graduation,Divorced,0,10,1442
Kabir Das,919800004099,52,Female,Lucknow,30675,Y,N,Y,Graduation,Married,1,14,62
Ishaan Singh,919800009560,59,Male,Lucknow,83003,Y,Y,N,Graduation,Together,0,18,1674
Ishaan Sharma,919800001150,90,Female,Jaipur,83532,Y,Y,N,PhD,Together,0,36,1853
Ananya Gupta,919800010172,36,Female,Delhi,68655,Y,Y,N,Graduation,Single,0,95,1538
Saanvi Reddy,919800011191,38,Male,Mumbai,41411,Y,N,Y,Graduation,Divorced,0,11,139
Pooja Rao,919800009707,55,Male,Kochi,55212,Y,Y,Y,PhD,Married,1,65,1182
Rohan Verma,919800006245,74,Female,Lucknow,59292,Y,Y,N,PhD,Together,1,71,507
Karan Khan,919800008234,51,Female,Kochi,27190,Y,N,Y,Basic,Together,1,13,18
Priya Nair,919800001411,72,Male,Kolkata,82623,Y,N,N,Graduation,Divorced,0,58,940
Arjun Mehta,919800008553,59,Female,Ahmedabad,44300,Y,N,Y,Graduation,Married,2,65,42
Rahul Singh,919800001826,54,Male,Mumbai,84835,Y,Y,N,Graduation,Divorced,0,0,1190
Aarav Das,919800008842,53,Female,Ahmedabad,30372,Y,N,Y,Graduation,Widow,2,33,44
Kabir Singh,919800011030,48,Female,Surat,33181,Y,N,Y,Master,Married,1,90,16
Ananya Rao,919800002579,67,Female,Kolkata,71113,Y,Y,N,Graduation,Married,1,95,835
Diya Verma,919800000175,38,Male,Pune,71952,Y,Y,N,Graduation,Married,1,93,1443
Priya Iyer,919800009185,58,Male,Nagpur,69759,Y,Y,N,PhD,Single,0,38,1029
Karan Khan,919800011056,50,Male,Mumbai,72099,Y,Y,N,Graduation,Married,0,18,1188
Saanvi Verma,919800009365,48,Female,Nagpur,60000,Y,Y,Y,PhD,Single,1,57,1277
Rahul Verma,919800006201,46,Male,Nagpur,38643,Y,N,Y,Graduation,Single,2,45,49
Rahul Gupta,919800002061,69,Male,Mumbai,50737,Y,N,Y,Graduation,Married,1,61,99
Aditya Das,919800006184,55,Male,Hyderabad,68462,Y,Y,N,PhD,Married,0,6,1670
Saanvi Singh,919800006142,81,Female,Nagpur,65073,Y,Y,N,Master,Married,0,65,900
Ananya Mehta,919800004107,76,Male,Delhi,46681,Y,Y,Y,PhD,Together,2,52,425
Neha Das,919800007274,67,Female,Bangalore,78618,Y,Y,N,Graduation,Married,0,87,2153
Rohan Das,919800009336,55,Female,Surat,62187,Y,Y,N,PhD,Widow,1,38,636
Karan Patel,919800002958,46,Female,Jaipur,28442,Y,N,N,Graduation,Married,2,53,57
Sneha Reddy,919800000933,46,Female,Lucknow,37717,Y,N,Y,PhD,Married,1,31,25
Rahul Reddy,919800005837,57,Female,Pune,51479,Y,Y,Y,Graduation,Married,2,67,494
Vivaan Reddy,919800010704,55,Male,Kolkata,54803,Y,Y,N,Graduation,Single,1,65,693
Ananya Mehta,919800005125,64,Female,Kochi,79530,Y,Y,N,Graduation,Married,0,64,1348
Rohan Gupta,919800004432,48,Male,Nagpur,31615,Y,N,Y,Graduation,Divorced,1,82,51
Riya Verma,919800005955,62,Male,Kochi,72025,Y,Y,N,Graduation,Together,0,27,1932
Neha Singh,919800002928,49,Male,Chennai,52614,Y,N,Y,PhD,Single,1,63,990
Pooja Mehta,919800005680,40,Female,Indore,35684,Y,N,Y,2n Cycle,Married,1,66,30
Neha Nair,919800010313,49,Female,Pune,48178,Y,Y,Y,Graduation,Married,2,69,254
Amit Patel,919800002557,54,Female,Pune,29548,Y,N,N,Master,Single,1,52,29
Aditya Singh,919800001245,58,Male,Bangalore,63810,Y,Y,Y,Graduation,Single,1,45,1371
Meera Joshi,919800001519,52,Male,Chennai,38578,Y,Y,Y,PhD,Single,2,2,73
Rahul Nair,919800010703,49,Female,Kochi,46098,Y,Y,Y,Master,Single,2,86,120
Amit Mehta,919800001726,54,Female,Indore,22585,Y,N,Y,Graduation,Single,0,23,81
Aarav Joshi,919800004459,35,Male,Hyderabad,30279,Y,N,Y,Graduation,Single,1,13,37
Saanvi Nair,919800001729,63,Female,Kolkata,66426,Y,Y,Y,PhD,Together,1,14,1377
Rahul Iyer,919800001517,55,Male,Bangalore,30822,Y,N,Y,Graduation,Single,1,92,51
Sneha Reddy,919800002098,55,Male,Mumbai,33581,Y,N,Y,PhD,Married,2,38,17
Vivaan Sharma,919800009543,39,Female,Chennai,19986,Y,N,Y,Graduation,Married,1,74,22
Diya Khan,919800006878,70,Female,Jaipur,27421,Y,Y,Y,Graduation,Widow,0,14,324
Kabir Gupta,919800003310,51,Female,Lucknow,35688,Y,Y,Y,2n Cycle,Married,3,94,211
Saanvi Reddy,919800002724,43,Female,Lucknow,36143,Y,N,N,Master,Single,1,33,19
Sneha Patel,919800000948,53,Male,Mumbai,10245,Y,N,Y,Graduation,Single,1,32,41
Kabir Joshi,919800006720,56,Male,Ahmedabad,43795,Y,Y,Y,Master,Together,1,11,492
Diya Verma,919800006202,64,Male,Surat,63381,Y,Y,N,Graduation,Together,1,78,1005
Riya Gupta,919800002066,75,Female,Mumbai,38823,Y,N,Y,Graduation,Together,1,56,114
Vivaan Mehta,919800009799,56,Female,Lucknow,83664,Y,N,Y,PhD,Divorced,2,57,1173
Amit Singh,919800008318,45,Female,Hyderabad,90300,Y,Y,N,Graduation,Together,0,7,1738
Ananya Sharma,919800005642,45,Male,Mumbai,62499,Y,Y,N,Master,Together,1,0,222
Pooja Sharma,919800002669,31,Female,Bangalore,74293,Y,Y,N,Graduation,Single,0,66,1127
Kabir Patel,919800000455,78,Male,Nagpur,51012,Y,Y,Y,PhD,Married,0,86,209
Diya Sharma,919800007683,56,Male,Bangalore,70777,Y,Y,N,Master,Married,1,80,787
Priya Reddy,919800003428,33,Female,Surat,68682,Y,Y,N,PhD,Together,0,56,1598
Meera Patel,919800007414,53,Female,Delhi,43824,Y,Y,Y,Graduation,Married,2,18,186
Aisha Mehta,919800006354,40,Male,Indore,15345,Y,N,Y,Graduation,Together,1,51,47
Sneha Joshi,919800000798,37,Male,Kolkata,23442,Y,N,Y,Graduation,Single,1,71,27
Priya Joshi,919800008213,44,Female,Delhi,14515,Y,N,Y,2n Cycle,Together,1,71,96
Karan Patel,919800002488,68,Male,Delhi,31395,Y,N,Y,2n Cycle,Divorced,2,80,64
Riya Reddy,919800009999,59,Male,Delhi,75276,Y,Y,Y,Graduation,Together,0,2,1040
Rohan Joshi,919800007617,50,Female,Indore,42373,Y,N,Y,Graduation,Single,2,83,163
Vivaan Nair,919800000615,64,Female,Kochi,30507,Y,Y,Y,Graduation,Together,0,29,343
Rahul Nair,919800002552,69,Female,Kochi,55521,Y,Y,Y,PhD,Single,3,11,446
Ishaan Verma,919800000194,59,Male,Bangalore,48006,Y,N,Y,Graduation,Married,2,55,41
Riya Reddy,919800003645,52,Male,Bangalore,27213,Y,N,Y,PhD,Single,1,19,70
Rohan Reddy,919800008890,53,Female,Pune,65808,Y,Y,Y,PhD,Divorced,2,1,272
Meera Reddy,919800005049,50,Female,Surat,30351,Y,Y,Y,PhD,Together,1,19,46
Pooja Singh,919800009973,61,Female,Surat,50437,Y,Y,Y,Graduation,Married,2,28,490
Rahul Joshi,919800007301,42,Male,Surat,23616,Y,Y,Y,2n Cycle,Single,1,76,79
Aarav Gupta,919800010882,48,Male,Lucknow,53858,Y,Y,N,Graduation,Married,1,50,915
Aisha Rao,919800007030,69,Male,Kolkata,66465,Y,Y,Y,PhD,Married,1,1,1485
Meera Das,919800007422,37,Male,Lucknow,46923,Y,Y,Y,Graduation,Single,1,90,369
Ananya Patel,919800003523,62,Male,Mumbai,75072,Y,Y,N,Graduation,Together,1,83,1073
Diya Verma,919800007106,81,Male,Pune,75865,Y,Y,N,PhD,Married,0,73,1242
Saanvi Joshi,919800006504,49,Male,Mumbai,19789,Y,N,Y,2n Cycle,Together,1,24,78
Vivaan Patel,919800005067,30,Male,Indore,80134,Y,N,Y,Graduation,Together,0,11,1378
Aditya Joshi,919800004216,43,Male,Delhi,91065,Y,Y,N,Graduation,Single,0,33,1474
Amit Rao,919800008581,53,Female,Hyderabad,49505,Y,Y,Y,Master,Married,2,4,751
Pooja Mehta,919800005929,51,Male,Surat,37401,Y,N,Y,PhD,Married,1,14,48
Arjun Verma,919800003129,41,Male,Hyderabad,30096,Y,N,Y,Graduation,Married,1,30,45
Ishaan Verma,919800006528,42,Male,Mumbai,18492,Y,N,Y,Master,Together,1,75,10
Aditya Rao,919800001361,50,Female,Ahmedabad,82584,Y,Y,N,Master,Married,0,26,1435
Diya Patel,919800006932,83,Male,Nagpur,93027,Y,Y,N,PhD,Married,0,77,2119
Ishaan Nair,919800007284,71,Female,Pune,48686,Y,N,Y,Graduation,Married,3,8,20
Priya Nair,919800001340,38,Male,Pune,92910,Y,Y,N,Graduation,Married,0,42,1795
Riya Nair,919800008746,35,Male,Indore,75433,Y,N,Y,Graduation,Married,1,28,1188
Neha Iyer,919800005987,35,Female,Surat,10404,Y,N,Y,2n Cycle,Together,1,52,43
Aisha Das,919800003767,56,Male,Nagpur,61314,Y,Y,N,Graduation,Married,1,1,1008
Priya Sharma,919800003725,63,Female,Jaipur,84865,Y,N,N,PhD,Single,0,1,1688
Diya Iyer,919800004324,35,Female,Indore,42387,Y,Y,Y,Graduation,Married,1,42,684
Vivaan Khan,919800000238,57,Male,Indore,67309,Y,Y,Y,2n Cycle,Together,2,76,1082
Aditya Das,919800006694,60,Female,Bangalore,75236,Y,Y,N,Graduation,Married,1,27,1068
Priya Sharma,919800000498,54,Male,Chennai,30015,Y,N,Y,Graduation,Single,1,28,57
Vivaan Sharma,919800009347,68,Female,Ahmedabad,50943,Y,N,Y,Master,Together,1,49,46
Diya Singh,919800009699,58,Male,Ahmedabad,67272,Y,Y,Y,Graduation,Divorced,1,12,733
Amit Iyer,919800010664,75,Female,Lucknow,51529,Y,Y,Y,Master,Widow,1,14,467
Ananya Nair,919800005455,53,Male,Indore,32011,Y,N,Y,PhD,Married,1,89,122
Kabir Singh,919800000456,38,Male,Delhi,7500,Y,N,Y,2n Cycle,Married,1,96,36
Aditya Singh,919800005012,35,Male,Kochi,28691,Y,N,Y,Graduation,Married,1,56,34
Rohan Iyer,919800007495,76,Male,Kolkata,56223,Y,N,N,PhD,Married,1,72,156
Arjun Joshi,919800005029,78,Male,Kolkata,18100,Y,N,Y,Graduation,Married,0,14,14
Aarav Iyer,919800010642,35,Male,Chennai,30279,Y,N,Y,Graduation,Single,1,13,37
Riya Gupta,919800002106,50,Male,Kolkata,20130,Y,N,Y,2n Cycle,Married,0,99,34
Kabir Singh,919800010364,65,Male,Jaipur,23295,Y,N,Y,Graduation,Divorced,0,72,20
Meera Rao,919800005954,52,Male,Pune,42618,Y,Y,Y,Master,Divorced,1,92,192
Amit Iyer,919800001137,60,Male,Surat,81246,Y,Y,N,Graduation,Single,0,87,1379
Karan Mehta,919800002541,48,Female,Bangalore,24027,Y,N,Y,Graduation,Married,1,7,48
Karan Singh,919800001142,71,Female,Lucknow,55707,Y,Y,N,PhD,Married,1,91,428
Kabir Patel,919800002276,69,Female,Ahmedabad,57959,Y,Y,N,Graduation,Single,1,71,868
Kabir Khan,919800002807,55,Male,Chennai,56796,Y,Y,Y,Graduation,Married,1,24,1001
Aisha Rao,919800006471,53,Male,Indore,36230,Y,N,Y,Master,Single,1,17,59
Saanvi Reddy,919800006131,44,Female,Lucknow,70829,Y,Y,N,2n Cycle,Married,2,87,431
Rahul Iyer,919800006233,48,Male,Hyderabad,65991,Y,Y,Y,Graduation,Married,1,21,971
Rohan Reddy,919800004148,52,Female,Indore,38988,Y,Y,Y,Graduation,Married,3,90,348
Diya Patel,919800004947,58,Male,Hyderabad,89572,Y,Y,N,2n Cycle,Single,0,44,2059
Arjun Patel,919800003225,40,Male,Nagpur,42207,Y,Y,Y,Master,Married,1,71,265
Aisha Joshi,919800007540,72,Female,Kolkata,50300,Y,N,N,Graduation,Married,1,52,270
Riya Reddy,919800010648,42,Male,Kochi,66664,Y,Y,N,2n Cycle,Together,0,78,1289
Diya Nair,919800001992,60,Male,Kolkata,60597,Y,N,Y,Graduation,Married,1,2,893
Karan Sharma,919800007851,75,Male,Kolkata,70165,Y,Y,N,Graduation,Widow,0,60,926
Priya Joshi,919800008594,66,Male,Jaipur,50520,Y,Y,Y,PhD,Widow,1,25,135
Aisha Singh,919800007059,61,Male,Bangalore,80124,Y,Y,N,Graduation,Married,0,47,1495
Riya Das,919800002815,49,Female,Mumbai,33183,Y,Y,Y,Graduation,Married,1,46,120
Kabir Gupta,919800002416,55,Female,Surat,66582,Y,N,N,PhD,Single,0,83,1288
Kabir Mehta,919800007999,69,Male,Kochi,75261,Y,Y,N,PhD,Together,0,17,1743
Ananya Mehta,919800009213,54,Male,Ahmedabad,31880,Y,N,Y,Graduation,Widow,1,13,15
Priya Iyer,919800009697,73,Female,Kochi,53790,Y,Y,Y,Graduation,Married,2,86,542
Diya Gupta,919800003916,53,Male,Nagpur,49269,Y,Y,Y,PhD,Together,1,92,890
Arjun Joshi,919800002021,49,Male,Chennai,61456,Y,Y,N,Graduation,Married,1,47,1388
Priya Singh,919800001581,44,Female,Mumbai,37406,Y,N,Y,Graduation,Married,1,18,17
Meera Gupta,919800000564,43,Male,Kochi,56937,Y,Y,Y,PhD,Together,1,81,906
Rohan Rao,919800006619,46,Male,Kolkata,38415,Y,N,Y,Graduation,Married,2,91,44
Sneha Verma,919800009081,36,Male,Chennai,20518,Y,N,Y,Graduation,Single,1,58,25
Pooja Reddy,919800000178,68,Male,Indore,62503,Y,Y,Y,Graduation,Married,1,40,973
Ishaan Khan,919800000916,52,Female,Delhi,41644,Y,N,N,PhD,Single,2,67,31
Amit Singh,919800005512,47,Male,Indore,55842,Y,Y,Y,Master,Married,1,19,518
Sneha Khan,919800008970,52,Male,Kochi,62010,Y,Y,Y,PhD,Married,1,93,530
Neha Khan,919800010581,47,Female,Kolkata,41124,Y,Y,Y,Graduation,Married,1,41,506
Karan Reddy,919800005300,51,Male,Kolkata,38961,Y,N,Y,Master,Married,1,60,70
Rahul Rao,919800005154,52,Male,Indore,37760,Y,N,Y,Master,Divorced,1,54,54
Meera Iyer,919800008346,50,Male,Chennai,32233,Y,Y,Y,Graduation,Single,1,26,296
Riya Gupta,919800001676,49,Female,Mumbai,43057,Y,Y,Y,Graduation,Married,1,30,266
Aarav Verma,919800009286,64,Female,Kolkata,83151,Y,Y,N,Master,Together,0,93,747
Neha Das,919800002426,60,Female,Delhi,78825,Y,Y,N,PhD,Divorced,0,35,895
Kabir Nair,919800005172,48,Female,Jaipur,65104,Y,Y,Y,Master,Together,1,4,1053
Kabir Rao,919800005562,50,Female,Ahmedabad,60093,Y,Y,Y,Graduation,Married,1,92,735
Ishaan Patel,919800003436,55,Male,Nagpur,14045,Y,N,Y,Graduation,Married,1,24,20
Aditya Rao,919800003921,72,Male,Ahmedabad,28457,Y,Y,Y,2n Cycle,Widow,0,96,205
Pooja Joshi,919800003403,66,Male,Surat,78952,Y,N,Y,PhD,Together,1,11,2092
Saanvi Iyer,919800000022,48,Female,Ahmedabad,46310,Y,Y,Y,Graduation,Divorced,1,99,309
Aisha Rao,919800010965,69,Male,Nagpur,76005,Y,Y,Y,Graduation,Together,0,72,1722
Sneha Iyer,919800009426,60,Male,Chennai,58308,Y,N,Y,Master,Single,1,77,900
Arjun Mehta,919800006605,80,Female,Kolkata,55614,Y,Y,Y,PhD,Divorced,0,85,682
Ananya Singh,919800003136,62,Male,Nagpur,59432,Y,Y,Y,Master,Divorced,1,88,663
Riya Iyer,919800008737,46,Male,Kochi,55563,Y,N,N,Graduation,Divorced,1,22,43
Aisha Iyer,919800011088,53,Female,Ahmedabad,78642,Y,Y,Y,PhD,Together,1,83,1816
Priya Das,919800000716,75,Male,Kochi,67911,Y,Y,N,PhD,Together,1,63,976
Neha Patel,919800000466,80,Female,Surat,65275,Y,Y,N,Graduation,Married,0,9,746
Arjun Sharma,919800009135,74,Male,Surat,27203,Y,N,Y,Graduation,Together,2,92,64
Amit Iyer,919800010623,63,Male,Jaipur,48330,Y,N,Y,Master,Together,1,2,32
Neha Mehta,919800008151,34,Male,Kochi,24279,Y,Y,Y,Basic,Married,0,6,263
Aarav Reddy,919800005140,39,Male,Kochi,64355,Y,Y,Y,PhD,Married,1,66,1445
Aisha Nair,919800010160,68,Male,Lucknow,50943,Y,N,Y,Master,Together,1,49,46
Saanvi Reddy,919800004945,71,Male,Nagpur,53653,Y,Y,Y,Graduation,Widow,0,29,1210
Karan Iyer,919800010584,48,Male,Hyderabad,65665,Y,Y,N,Graduation,Married,1,77,945
Arjun Rao,919800006071,35,Male,Lucknow,81217,Y,Y,N,Graduation,Single,0,77,1157
Meera Rao,919800003386,32,Male,Kochi,34935,Y,N,Y,Graduation,Married,0,71,137
Pooja Rao,919800008939,65,Female,Hyderabad,61250,Y,Y,Y,Graduation,Divorced,1,49,730
Sneha Joshi,919800009925,43,Male,Jaipur,39665,Y,Y,Y,PhD,Together,1,97,216
Aditya Joshi,919800004320,45,Female,Kochi,60152,Y,Y,N,Graduation,Single,1,6,943
Diya Khan,919800005389,60,Male,Chennai,48920,Y,Y,Y,Graduation,Married,2,93,347
Priya Reddy,919800006036,65,Male,Ahmedabad,89120,Y,Y,N,Master,Together,0,78,1924
Sneha Khan,919800000182,78,Male,Ahmedabad,44124,Y,Y,Y,PhD,Together,1,62,397
Karan Patel,919800000203,49,Female,Hyderabad,81169,Y,Y,N,Master,Single,0,47,2089
Sneha Patel,919800011025,63,Male,Bangalore,36443,Y,Y,Y,Graduation,Married,2,9,138
Rohan Singh,919800010203,34,Female,Kochi,26095,Y,N,Y,Graduation,Single,1,77,42
Aisha Singh,919800004607,65,Female,Kolkata,71367,Y,Y,N,Graduation,Together,0,24,777
Priya Mehta,919800003711,80,Male,Bangalore,80184,Y,Y,N,Master,Married,0,19,1902
Neha Mehta,919800003696,59,Male,Mumbai,30630,Y,N,Y,Graduation,Divorced,2,67,52
Meera Sharma,919800002532,37,Female,Nagpur,73454,Y,N,Y,Master,Single,0,95,1651
Diya Khan,919800009214,33,Female,Ahmedabad,42691,Y,Y,Y,Graduation,Married,0,48,358
Saanvi Sharma,919800004943,71,Male,Indore,70503,Y,N,Y,Graduation,Married,0,73,1727
Priya Mehta,919800000035,37,Male,Pune,25545,Y,N,Y,Graduation,Married,1,35,210
Diya Mehta,919800002258,38,Female,Pune,32880,Y,N,Y,Graduation,Married,1,76,42
Sneha Rao,919800004322,66,Male,Chennai,77863,Y,Y,N,PhD,Together,0,20,1291
Priya Iyer,919800000713,47,Female,Chennai,50353,Y,Y,N,Master,Married,0,72,442
Pooja Sharma,919800004702,60,Female,Chennai,61839,Y,Y,Y,Graduation,Single,0,20,1895
Neha Singh,919800003281,64,Female,Pune,49154,Y,Y,Y,PhD,Married,2,69,411
Rahul Nair,919800000702,49,Female,Hyderabad,47682,Y,Y,Y,2n Cycle,Widow,1,80,521
Sneha Rao,919800002004,55,Male,Pune,72679,Y,Y,N,Graduation,Single,1,65,1168
Ishaan Iyer,919800004769,47,Female,Bangalore,57954,Y,Y,Y,Master,Together,2,52,493
Amit Mehta,919800004437,62,Male,Nagpur,65316,Y,Y,N,Graduation,Married,2,65,260
Vivaan Gupta,919800008724,42,Female,Jaipur,28567,Y,N,Y,Graduation,Single,1,57,46
Amit Sharma,919800010741,73,Female,Chennai,47352,Y,Y,Y,Master,Together,1,70,319
Diya Sharma,919800001991,57,Male,Hyderabad,44931,Y,N,Y,Graduation,Together,1,0,96
Sneha Das,919800006931,57,Male,Nagpur,76982,Y,Y,N,Graduation,Divorced,0,19,1062
Rahul Khan,919800011096,72,Female,Lucknow,57247,Y,N,N,2n Cycle,Together,1,50,232
Saanvi Mehta,919800000304,43,Male,Hyderabad,22944,Y,Y,Y,Master,Single,1,67,76
Vivaan Mehta,919800003665,47,Female,Kochi,25315,Y,Y,Y,2n Cycle,Together,1,46,54
Ananya Verma,919800010591,55,Male,Surat,43638,Y,Y,Y,Graduation,Widow,1,37,201
Vivaan Gupta,919800005036,40,Male,Kochi,42710,Y,Y,Y,PhD,Single,1,38,406
Aarav Iyer,919800005547,42,Male,Nagpur,84169,Y,Y,N,PhD,Married,0,9,1919
Aisha Khan,919800007822,48,Female,Surat,54058,Y,Y,N,Graduation,Together,1,56,662
Aisha Patel,919800008541,34,Female,Mumbai,24683,Y,N,Y,2n Cycle,Married,1,98,41
Rohan Sharma,919800010955,60,Female,Lucknow,85620,Y,Y,N,Graduation,Widow,0,68,1600
Amit Sharma,919800004368,44,Female,Lucknow,47850,Y,Y,Y,Graduation,Married,1,72,134
Rahul Sharma,919800009671,56,Male,Nagpur,19514,Y,Y,Y,Graduation,Married,2,47,69
Priya Das,919800002256,51,Female,Ahmedabad,27159,Y,N,Y,Master,Married,2,33,21
Aditya Sharma,919800004279,61,Female,Lucknow,39548,Y,N,N,2n Cycle,Single,2,87,54
Amit Mehta,919800005371,35,Male,Ahmedabad,21474,Y,Y,Y,Graduation,Single,1,0,91
Priya Khan,919800009240,53,Male,Delhi,60504,Y,Y,Y,PhD,Single,1,73,526
Sneha Reddy,919800009460,61,Male,Kochi,22419,Y,Y,Y,Graduation,Married,0,74,162
Aarav Gupta,919800009504,75,Male,Mumbai,81698,Y,Y,N,Master,Married,0,4,1008
Diya Verma,919800008692,72,Male,Surat,43462,Y,Y,Y,Graduation,Together,2,50,240
Diya Patel,919800000448,46,Female,Mumbai,54880,Y,Y,Y,PhD,Single,1,57,795
Riya Joshi,919800008314,42,Male,Ahmedabad,79908,Y,Y,N,Graduation,Married,0,30,1772
Ananya Sharma,919800008420,54,Female,Nagpur,15315,Y,N,Y,2n Cycle,Married,0,27,64
Saanvi Joshi,919800003174,65,Male,Chennai,87771,Y,Y,Y,Graduation,Together,1,61,1957
Pooja Joshi,919800007685,46,Female,Ahmedabad,33039,Y,N,Y,Graduation,Married,1,4,78
Riya Sharma,919800003179,44,Male,Mumbai,81741,Y,Y,N,Graduation,Single,0,75,1572
Vivaan Sharma,919800009780,53,Male,Kolkata,71499,Y,Y,N,Master,Together,1,12,795
Aisha Nair,919800010681,54,Male,Surat,62466,Y,Y,N,2n Cycle,Married,1,13,889
Sneha Das,919800010232,61,Male,Pune,48799,Y,Y,N,PhD,Divorced,1,9,331
Neha Das,919800004184,74,Female,Ahmedabad,52157,Y,Y,N,PhD,Together,1,48,265
Ananya Patel,919800009120,62,Male,Pune,66565,Y,Y,Y,Graduation,Single,1,80,1065
Ananya Mehta,919800000891,73,Female,Ahmedabad,29298,Y,N,Y,Master,Together,2,60,11
Arjun Rao,919800010381,45,Female,Chennai,47691,Y,N,Y,Graduation,Single,1,43,21
Amit Iyer,919800003525,54,Female,Chennai,38200,Y,N,Y,Graduation,Together,2,19,17
Vivaan Das,919800006818,50,Female,Surat,44989,Y,Y,Y,Graduation,Married,1,26,369
Meera Joshi,919800003526,56,Male,Surat,38443,Y,N,Y,PhD,Married,2,58,38
Saanvi Das,919800008181,46,Female,Lucknow,38593,Y,Y,Y,2n Cycle,Single,1,42,177
Priya Reddy,919800001029,54,Female,Kolkata,64413,Y,Y,Y,PhD,Together,1,27,279
Arjun Das,919800007369,43,Male,Nagpur,36959,Y,N,Y,Master,Married,1,56,62
Karan Nair,919800002574,47,Male,Pune,61996,Y,Y,Y,PhD,Married,1,27,1230
Riya Nair,919800008159,56,Female,Bangalore,51287,Y,Y,Y,Graduation,Married,2,10,182
Amit Rao,919800001160,54,Male,Chennai,13260,Y,Y,Y,Graduation,Married,2,48,49
Saanvi Rao,919800010242,58,Male,Chennai,47472,Y,N,Y,PhD,Together,2,39,75
Pooja Mehta,919800005253,68,Female,Pune,54603,Y,Y,Y,Master,Together,2,85,227
Pooja Verma,919800005966,50,Female,Nagpur,45207,Y,Y,Y,PhD,Married,2,64,215
Arjun Reddy,919800005314,73,Male,Chennai,40689,Y,Y,Y,Graduation,Together,1,69,444
Meera Sharma,919800005081,57,Female,Ahmedabad,47821,Y,N,Y,2n Cycle,Together,2,54,47
Ishaan Nair,919800005123,73,Male,Nagpur,27450,Y,N,Y,Master,Married,0,57,143
Arjun Singh,919800005756,41,Male,Jaipur,39453,Y,N,Y,Graduation,Together,1,64,55
Neha Rao,919800008036,53,Male,Hyderabad,26850,Y,N,N,2n Cycle,Together,2,10,63
Arjun Das,919800009058,69,Female,Surat,79800,Y,Y,N,Graduation,Widow,0,65,1867
Rahul Iyer,919800005057,63,Female,Jaipur,61794,Y,Y,N,Master,Married,1,74,611
Amit Reddy,919800000254,69,Male,Hyderabad,53863,Y,Y,Y,Graduation,Together,1,4,473
Ishaan Verma,919800004179,65,Male,Nagpur,24221,Y,N,N,Graduation,Together,0,94,55
Aisha Iyer,919800003710,40,Female,Kolkata,39684,Y,N,Y,PhD,Single,1,41,81
Rahul Patel,919800007627,49,Male,Mumbai,92163,Y,Y,N,Master,Married,0,25,2086
Sneha Iyer,919800004501,59,Male,Pune,69882,Y,Y,N,Master,Single,0,94,1478
Karan Rao,919800006424,47,Male,Bangalore,33178,Y,N,N,Graduation,Together,1,9,49
Rohan Das,919800003075,52,Male,Pune,59973,Y,Y,N,PhD,Married,0,47,382
Riya Khan,919800004992,49,Male,Delhi,17459,Y,Y,Y,Master,Together,1,12,69
Vivaan Reddy,919800005252,55,Female,Lucknow,23910,Y,N,Y,Graduation,Divorced,1,80,67
Amit Reddy,919800007444,55,Female,Nagpur,42169,Y,N,Y,Master,Married,2,20,30
Riya Gupta,919800006919,46,Male,Ahmedabad,26224,Y,N,Y,2n Cycle,Married,1,39,63
Amit Das,919800003537,43,Male,Chennai,31089,Y,Y,Y,Graduation,Together,1,57,79
Vivaan Iyer,919800010277,63,Male,Bangalore,30081,Y,N,Y,Graduation,Single,1,27,42
Arjun Verma,919800002453,64,Male,Mumbai,62807,Y,Y,Y,Graduation,Together,1,83,819
Vivaan Khan,919800007972,69,Female,Surat,72906,Y,Y,N,Graduation,Single,0,79,1151
Karan Singh,919800000895,76,Male,Surat,61467,Y,Y,Y,PhD,Married,2,69,594
Meera Mehta,919800001177,58,Female,Delhi,49618,Y,Y,Y,Master,Together,2,77,129
Aditya Nair,919800007141,38,Female,Lucknow,21888,Y,Y,Y,Master,Single,1,15,213
Kabir Mehta,919800007232,51,Male,Kochi,42429,Y,N,Y,Graduation,Widow,1,99,67
Rahul Gupta,919800008477,68,Male,Ahmedabad,26150,Y,N,Y,Graduation,Divorced,3,61,28
Ananya Iyer,919800002457,49,Male,Indore,30801,Y,N,Y,Basic,Married,1,23,45
Kabir Patel,919800000988,59,Male,Chennai,81168,Y,Y,N,Graduation,Married,0,84,1193
Neha Sharma,919800007930,55,Male,Surat,26877,Y,Y,Y,Master,Single,0,74,268
Vivaan Nair,919800004587,80,Female,Mumbai,45006,Y,Y,N,Master,Widow,0,90,266
Diya Patel,919800006682,51,Female,Nagpur,18978,Y,N,Y,Basic,Married,1,41,37
Aarav Reddy,919800006222,57,Female,Lucknow,22574,Y,N,Y,Graduation,Married,3,28,37
Amit Singh,919800010299,55,Male,Ahmedabad,48240,Y,Y,Y,PhD,Single,0,73,882
Rohan Iyer,919800003083,50,Female,Kolkata,45837,Y,Y,Y,Graduation,Married,2,88,373
Diya Iyer,919800008953,59,Female,Kolkata,35791,Y,N,Y,Master,Single,3,94,35
Ananya Singh,919800001503,48,Male,Nagpur,162397,Y,N,N,PhD,Together,2,31,107
Saanvi Mehta,919800008650,46,Male,Ahmedabad,54162,Y,N,N,Graduation,Widow,2,31,42
Ishaan Rao,919800010862,64,Male,Bangalore,30522,Y,N,N,Master,Married,1,6,326
Kabir Verma,919800002782,63,Female,Indore,54456,Y,Y,Y,PhD,Married,1,23,404
Saanvi Rao,919800006941,53,Female,Delhi,31632,Y,N,Y,Graduation,Single,0,92,95
Arjun Sharma,919800010972,75,Male,Ahmedabad,72298,Y,Y,N,Graduation,Widow,0,52,939
Rohan Iyer,919800010708,46,Male,Ahmedabad,36975,Y,N,Y,2n Cycle,Single,1,50,33
Diya Mehta,919800006583,69,Female,Bangalore,72635,Y,Y,N,2n Cycle,Married,0,54,981
Rohan Reddy,919800003641,48,Male,Bangalore,13624,Y,N,Y,Graduation,Married,1,93,36
Karan Khan,919800010156,49,Male,Ahmedabad,84196,Y,Y,N,Graduation,Single,1,56,1237
Saanvi Nair,919800004299,64,Female,Kolkata,70971,Y,Y,Y,Graduation,Together,1,28,1825
Kabir Patel,919800003469,47,Male,Chennai,34487,Y,Y,Y,PhD,Divorced,2,94,103
Amit Nair,919800005063,47,Female,Nagpur,28769,Y,Y,Y,Graduation,Single,1,76,191
Ananya Nair,919800010727,54,Female,Delhi,69084,Y,Y,Y,PhD,Married,1,43,1586
Rohan Singh,919800009624,66,Female,Delhi,65488,Y,Y,N,PhD,Together,0,46,963
Saanvi Khan,919800005156,54,Male,Kochi,62466,Y,Y,N,2n Cycle,Married,1,13,889
Ishaan Khan,919800004376,64,Female,Surat,32218,Y,N,Y,2n Cycle,Single,0,27,93
Aisha Verma,919800008923,51,Female,Nagpur,83917,Y,Y,N,Graduation,Single,0,12,1587
Ishaan Iyer,919800008461,62,Female,Chennai,46102,Y,N,Y,Graduation,Divorced,3,3,16
Kabir Reddy,919800006945,72,Male,Kolkata,84574,Y,Y,Y,Graduation,Single,0,72,1375
Aisha Gupta,919800000944,62,Male,Mumbai,56181,Y,Y,N,Graduation,Married,1,6,393
Aisha Patel,919800001907,74,Male,Ahmedabad,63120,Y,Y,Y,Master,Divorced,1,53,1477
Rahul Iyer,919800000701,53,Male,Ahmedabad,73691,Y,Y,N,Graduation,Married,1,58,1179
Aarav Rao,919800003856,64,Female,Bangalore,63381,Y,Y,N,Graduation,Together,1,78,1005
Neha Gupta,919800004149,76,Male,Kolkata,76140,Y,Y,N,PhD,Together,0,57,1348
Ishaan Nair,919800002131,65,Male,Bangalore,62859,Y,Y,Y,PhD,Divorced,1,37,1307
Ananya Khan,919800002942,60,Male,Indore,45906,Y,Y,Y,Graduation,Single,1,20,486
Ananya Reddy,919800001173,77,Male,Surat,77632,Y,Y,N,Master,Together,0,73,2252
Aditya Das,919800004381,53,Female,Nagpur,46463,Y,Y,Y,PhD,Married,2,56,235
Riya Patel,919800004611,54,Male,Bangalore,105471,Y,Y,N,Graduation,Together,0,36,1724
Meera Mehta,919800003376,54,Male,Lucknow,55282,Y,Y,N,Master,Divorced,1,9,235
Aisha Reddy,919800004679,47,Male,Delhi,78710,Y,Y,N,Master,Married,1,42,1092
Rahul Gupta,919800010928,66,Male,Jaipur,66886,Y,Y,Y,Graduation,Together,1,28,599
Neha Iyer,919800004248,64,Female,Surat,98777,Y,Y,N,Master,Single,0,23,2008
Sneha Verma,919800006728,39,Male,Kolkata,29103,Y,N,Y,Graduation,Together,1,38,48
Sneha Patel,919800006661,50,Female,Hyderabad,67445,Y,Y,Y,Graduation,Married,1,63,1174
Ananya Das,919800004725,74,Female,Mumbai,50616,Y,N,N,PhD,Together,1,71,67
Ananya Joshi,919800003277,69,Female,Lucknow,49431,Y,Y,Y,Graduation,Divorced,1,9,365
Meera Sharma,919800005555,49,Female,Jaipur,153924,Y,N,N,Graduation,Divorced,0,81,6
Karan Khan,919800002564,71,Male,Delhi,61278,Y,Y,Y,Graduation,Together,1,87,165
Neha Joshi,919800000946,66,Male,Surat,26490,Y,Y,Y,2n Cycle,Together,0,92,210
Rohan Rao,919800003867,77,Female,Lucknow,73059,Y,Y,N,PhD,Together,1,36,1095
Vivaan Nair,919800006940,58,Male,Indore,46734,Y,Y,Y,PhD,Single,3,86,223
Sneha Singh,919800000055,61,Male,Jaipur,56253,Y,Y,Y,Graduation,Together,1,83,597
Pooja Patel,919800007093,39,Male,Hyderabad,19986,Y,N,Y,Graduation,Married,1,74,22
Aditya Reddy,919800005084,49,Male,Bangalore,58330,Y,Y,N,Graduation,Widow,1,87,1064
Diya Nair,919800001777,44,Female,Jaipur,25965,Y,N,Y,Basic,Married,0,29,74
Aarav Sharma,919800008162,68,Male,Indore,14661,Y,N,Y,Master,Together,0,88,26
Ishaan Nair,919800010826,65,Male,Surat,18690,Y,N,Y,Graduation,Married,0,77,60
Meera Mehta,919800008754,50,Female,Jaipur,45068,Y,N,Y,PhD,Together,1,25,20
Kabir Joshi,919800001987,37,Female,Delhi,21063,Y,N,Y,Basic,Single,1,34,59
Neha Verma,919800011007,56,Male,Mumbai,29187,Y,N,Y,PhD,Married,1,43,34
Riya Verma,919800007426,53,Female,Ahmedabad,54690,Y,Y,N,2n Cycle,Married,2,76,198
Amit Khan,919800009153,60,Female,Delhi,59304,Y,Y,Y,PhD,Married,1,81,1048
Diya Verma,919800010379,62,Female,Bangalore,59247,Y,Y,Y,Master,Single,2,87,574
Pooja Das,919800009204,54,Male,Surat,66731,Y,Y,N,Graduation,Widow,1,33,1029
Kabir Patel,919800003197,44,Female,Indore,77353,Y,Y,N,Graduation,Married,1,38,670
Arjun Patel,919800002920,49,Male,Kochi,52614,Y,N,Y,PhD,Single,1,63,990
Arjun Joshi,919800006961,50,Female,Lucknow,26751,Y,N,Y,Graduation,Married,2,26,11
Meera Khan,919800004673,61,Male,Kolkata,81300,Y,Y,Y,PhD,Married,1,17,1241
Vivaan Rao,919800009937,45,Female,Pune,70337,Y,N,N,Graduation,Single,0,75,576
Arjun Reddy,919800008779,39,Female,Indore,36145,Y,Y,Y,2n Cycle,Married,1,13,172
Priya Das,919800009596,44,Female,Surat,65295,Y,Y,N,PhD,Single,0,19,664
Arjun Khan,919800002891,61,Male,Pune,68118,Y,Y,Y,Graduation,Divorced,1,51,928
Rahul Patel,919800004910,57,Female,Hyderabad,68743,Y,Y,Y,Graduation,Divorced,0,81,2074
Priya Mehta,919800000075,42,Male,Pune,41039,Y,Y,Y,2n Cycle,Together,0,32,467
Diya Khan,919800010120,69,Male,Delhi,38946,Y,Y,Y,Graduation,Together,1,84,257
Rohan Gupta,919800006327,57,Male,Jaipur,65777,Y,N,N,Graduation,Together,0,87,1146
Aarav Reddy,919800010142,48,Male,Kolkata,66476,Y,Y,N,PhD,Divorced,1,99,689
Arjun Rao,919800009826,52,Female,Kochi,86857,Y,Y,N,PhD,Single,0,96,2114
Vivaan Rao,919800001501,42,Male,Mumbai,160803,Y,N,N,PhD,Married,0,21,1717
Meera Nair,919800010767,35,Female,Kochi,77845,Y,Y,N,PhD,Together,0,40,1346
Pooja Rao,919800007279,55,Male,Lucknow,69476,Y,Y,N,PhD,Together,0,3,1044
Diya Nair,919800007230,64,Male,Jaipur,50611,Y,Y,Y,PhD,Divorced,1,98,493
Aarav Gupta,919800000143,54,Male,Mumbai,61209,Y,Y,N,Graduation,Single,0,73,957
Aisha Verma,919800000450,66,Female,Pune,42315,Y,N,N,Master,Together,1,90,270
Ananya Verma,919800009316,72,Male,Lucknow,13084,Y,N,Y,Basic,Together,0,29,29
Rahul Nair,919800006379,75,Male,Ahmedabad,47570,Y,N,Y,Master,Widow,2,3,121
Amit Khan,919800009239,63,Male,Ahmedabad,61923,Y,N,N,Master,Married,2,94,126
Diya Khan,919800008315,29,Male,Chennai,34824,Y,N,Y,Graduation,Single,0,65,23
Priya Das,919800002868,75,Female,Chennai,26518,Y,N,Y,PhD,Single,2,33,57
Kabir Joshi,919800010888,63,Male,Indore,45938,Y,Y,Y,Graduation,Single,0,46,636
Pooja Nair,919800001277,64,Female,Lucknow,78468,Y,Y,N,Graduation,Together,0,29,1004
Amit Reddy,919800009977,51,Female,Hyderabad,78901,Y,Y,N,Graduation,Divorced,1,99,734
Pooja Joshi,919800010196,46,Female,Ahmedabad,71427,Y,Y,N,Graduation,Married,2,26,614
Pooja Nair,919800006384,46,Female,Ahmedabad,71022,Y,Y,Y,Graduation,Divorced,1,30,1453
Aisha Sharma,919800008029,36,Male,Pune,90247,Y,Y,N,Master,Single,0,27,1621
Kabir Reddy,919800000968,56,Female,Lucknow,41335,Y,Y,Y,Master,Divorced,1,24,187
Arjun Sharma,919800006988,38,Female,Bangalore,71952,Y,Y,N,Graduation,Married,1,93,1443
Kabir Iyer,919800004472,54,Female,Ahmedabad,35682,Y,N,N,PhD,Divorced,1,34,57
Riya Nair,919800006991,73,Male,Chennai,43185,Y,Y,Y,Graduation,Divorced,1,88,637
Vivaan Rao,919800003336,76,Male,Bangalore,66375,Y,N,Y,PhD,Together,1,96,948
Pooja Verma,919800004301,53,Female,Ahmedabad,35178,Y,N,Y,Master,Married,1,10,59
Vivaan Khan,919800001940,38,Female,Surat,25252,Y,N,Y,Graduation,Married,1,26,18
Karan Iyer,919800001272,59,Male,Jaipur,55250,Y,Y,Y,Master,Single,1,49,903
Kabir Mehta,919800001388,49,Male,Kolkata,33249,Y,N,Y,Graduation,Single,1,11,112
Rohan Mehta,919800001044,71,Female,Bangalore,58398,Y,Y,N,Graduation,Together,0,44,596
Ishaan Das,919800006969,42,Female,Surat,50272,Y,Y,Y,Graduation,Together,1,75,233
Rahul Verma,919800010479,49,Female,Chennai,76618,Y,Y,N,PhD,Married,0,64,1511
Saanvi Gupta,919800003619,64,Male,Mumbai,87305,Y,Y,N,2n Cycle,Divorced,0,19,1152
Priya Rao,919800001715,46,Male,Ahmedabad,25851,Y,N,Y,Graduation,Together,1,45,48
Arjun Das,919800010159,54,Male,Kolkata,58710,Y,Y,Y,Graduation,Divorced,1,77,1185
Riya Das,919800001463,66,Male,Kolkata,45160,Y,N,Y,Graduation,Single,2,9,21
Karan Joshi,919800005114,59,Female,Chennai,74806,Y,Y,N,Master,Married,1,1,965
Neha Nair,919800004990,70,Female,Kolkata,59111,Y,Y,Y,Graduation,Married,0,90,869
Rahul Khan,919800004329,40,Female,Kochi,18988,Y,N,Y,PhD,Married,1,43,16
Rohan Sharma,919800010936,59,Female,Kolkata,72190,Y,Y,N,Graduation,Married,0,79,1947
Karan Nair,919800004692,48,Male,Jaipur,7500,Y,Y,Y,Graduation,Married,1,19,71
Aisha Rao,919800007212,58,Male,Kolkata,44794,Y,N,Y,Graduation,Married,1,99,65
Amit Gupta,919800006086,69,Male,Delhi,80395,Y,Y,N,Graduation,Married,0,62,1380
Rohan Iyer,919800000437,48,Male,Pune,75012,Y,Y,N,Master,Divorced,0,41,1027
Ishaan Gupta,919800011171,59,Male,Mumbai,56962,Y,Y,Y,Master,Married,3,60,411
Vivaan Nair,919800011101,33,Female,Chennai,89891,Y,Y,N,Graduation,Together,0,17,836
Pooja Rao,919800005329,75,Female,Jaipur,35946,Y,N,Y,PhD,Divorced,2,24,11
Meera Gupta,919800000610,71,Female,Kolkata,53593,Y,Y,Y,PhD,Together,2,60,480
Karan Iyer,919800009384,46,Male,Lucknow,66373,Y,Y,N,Graduation,Married,2,57,606
Neha Singh,919800005956,76,Male,Kochi,45072,Y,Y,Y,PhD,Divorced,3,74,284
Aditya Khan,919800010430,51,Male,Delhi,89694,Y,Y,Y,Graduation,Divorced,2,22,1472
Priya Iyer,919800007875,75,Female,Kochi,72025,Y,Y,N,Graduation,Married,0,46,1677
Pooja Das,919800007072,51,Male,Hyderabad,67432,Y,Y,N,Graduation,Married,1,69,1335
Priya Singh,919800006255,72,Female,Ahmedabad,70545,Y,Y,N,Master,Together,1,29,334
Meera Das,919800006516,35,Female,Indore,17487,Y,N,Y,Basic,Married,1,37,18
Rahul Joshi,919800005564,55,Male,Bangalore,62882,Y,Y,N,Graduation,Together,1,26,1338
Neha Iyer,919800005682,71,Female,Delhi,64108,Y,Y,Y,PhD,Single,1,8,1099
Aisha Khan,919800007458,68,Male,Delhi,34941,Y,Y,Y,Master,Together,2,26,97
Aisha Joshi,919800005237,74,Female,Surat,48767,Y,N,Y,PhD,Single,3,79,63
Rahul Gupta,919800007761,46,Male,Jaipur,38702,Y,Y,Y,2n Cycle,Together,1,71,109
Aisha Khan,919800005278,60,Male,Jaipur,82224,Y,Y,N,Graduation,Married,0,83,902
Ishaan Gupta,919800003560,72,Male,Mumbai,83844,Y,Y,N,Graduation,Together,0,57,1574
Amit Das,919800007235,49,Male,Pune,17003,Y,N,Y,2n Cycle,Married,1,37,38
Amit Mehta,919800010548,29,Male,Indore,71163,Y,Y,N,Graduation,Single,0,30,960
Priya Sharma,919800002281,54,Male,Chennai,33697,Y,N,Y,Graduation,Single,1,34,28
Pooja Sharma,919800004073,70,Female,Kolkata,63564,Y,Y,Y,2n Cycle,Married,0,0,1215
Diya Das,919800006974,52,Male,Kochi,83443,Y,Y,N,PhD,Together,0,89,1497
Aarav Reddy,919800007938,66,Male,Ahmedabad,51518,Y,Y,N,PhD,Together,1,92,449
Pooja Das,919800007094,49,Female,Surat,58330,Y,Y,N,Graduation,Widow,1,87,1064
Pooja Khan,919800003667,55,Male,Lucknow,80952,Y,Y,Y,Graduation,Married,0,20,1757
Ishaan Gupta,919800007723,45,Male,Bangalore,75507,Y,Y,N,Graduation,Together,0,56,1440
Ananya Khan,919800003870,46,Male,Mumbai,63855,Y,Y,N,2n Cycle,Together,0,28,1006
Diya Verma,919800004012,52,Male,Jaipur,62220,Y,Y,Y,PhD,Together,1,55,1226
Sneha Singh,919800005909,60,Female,Nagpur,58512,Y,Y,Y,Graduation,Married,1,25,1171
Vivaan Mehta,919800010470,45,Male,Kochi,40662,Y,N,N,Master,Married,1,0,92
Amit Iyer,919800006488,65,Male,Indore,38829,Y,Y,Y,PhD,Married,1,86,99
Kabir Iyer,919800010270,43,Female,Bangalore,35523,Y,Y,Y,2n Cycle,Married,1,8,66
Vivaan Nair,919800006887,57,Male,Surat,79146,Y,Y,Y,Graduation,Single,2,33,564
Amit Verma,919800006406,36,Female,Hyderabad,78285,Y,Y,N,Master,Married,0,13,1427
Karan Das,919800007573,46,Female,Mumbai,31626,Y,N,Y,PhD,Single,1,12,86
Vivaan Reddy,919800004508,72,Female,Lucknow,75127,Y,N,N,Graduation,Single,0,92,833
Vivaan Singh,919800000221,69,Male,Lucknow,48726,Y,Y,Y,Graduation,Married,1,90,242
Kabir Reddy,919800005331,47,Male,Mumbai,74985,Y,Y,N,Graduation,Married,0,8,1869
Ananya Das,919800001911,37,Male,Pune,67430,Y,Y,Y,Graduation,Together,0,6,1364
Aarav Singh,919800000020,59,Female,Kolkata,46891,Y,N,N,2n Cycle,Married,1,91,183
Meera Nair,919800008786,68,Female,Delhi,62058,Y,Y,Y,Master,Married,1,52,450
Kabir Mehta,919800010582,45,Female,Kochi,72063,Y,Y,N,Graduation,Married,1,3,758
Amit Reddy,919800001915,73,Female,Chennai,78939,Y,Y,N,PhD,Married,0,57,1507
Arjun Joshi,919800008897,59,Female,Mumbai,42720,Y,Y,Y,Graduation,Single,2,9,654
Kabir Verma,919800002371,52,Male,Bangalore,33622,Y,N,Y,Graduation,Married,2,22,81
Neha Gupta,919800004303,67,Male,Mumbai,6835,Y,N,Y,PhD,Together,1,76,137
Aisha Gupta,919800006825,71,Female,Delhi,41452,Y,N,Y,Graduation,Together,2,86,16
Rohan Khan,919800001072,59,Female,Pune,40760,Y,N,Y,PhD,Single,1,64,93
Arjun Mehta,919800004964,66,Male,Delhi,74250,Y,N,N,PhD,Together,0,90,1158
Priya Iyer,919800002461,69,Male,Kolkata,51124,Y,N,N,Master,Single,2,79,43
Ishaan Singh,919800010736,53,Female,Pune,72258,Y,Y,N,Graduation,Single,1,28,1525
Kabir Gupta,919800003194,50,Male,Chennai,71466,Y,Y,N,PhD,Single,0,86,1230
Aarav Iyer,919800010839,48,Male,Hyderabad,36283,Y,N,N,Graduation,Together,2,42,29
Saanvi Verma,919800000049,54,Male,Chennai,20587,Y,N,Y,Graduation,Single,1,39,25
Pooja Rao,919800004290,52,Male,Jaipur,30467,Y,N,Y,Graduation,Married,1,8,24
Karan Singh,919800010219,52,Male,Bangalore,31590,Y,N,Y,Graduation,Together,1,40,38
Neha Iyer,919800004211,38,Male,Indore,20425,Y,N,Y,Basic,Married,1,5,57
Arjun Gupta,919800001135,64,Male,Chennai,17144,Y,Y,Y,Master,Together,2,96,47
Sneha Khan,919800006299,56,Male,Hyderabad,42564,Y,Y,Y,PhD,Divorced,1,28,813
Karan Mehta,919800010846,46,Male,Indore,43783,Y,Y,Y,Master,Married,1,22,629
Riya Das,919800000347,48,Female,Lucknow,40780,Y,Y,Y,Graduation,Divorced,1,30,377
Neha Khan,919800006543,79,Male,Kolkata,62847,Y,Y,N,Master,Together,0,45,1612
Meera Khan,919800010446,67,Male,Bangalore,82017,Y,Y,N,PhD,Married,0,58,729
Diya Mehta,919800003479,74,Male,Jaipur,16813,Y,N,Y,Graduation,Single,0,49,50
Riya Joshi,919800011075,46,Female,Mumbai,51267,Y,Y,N,Graduation,Married,2,37,270
Amit Patel,919800004442,63,Female,Mumbai,46524,Y,N,N,Graduation,Single,1,70,177
Arjun Joshi,919800000199,62,Male,Indore,45183,Y,Y,Y,Master,Single,0,33,315
Ananya Rao,919800006722,70,Male,Pune,70421,Y,Y,Y,PhD,Married,1,98,767
Ishaan Mehta,919800000796,59,Male,Delhi,60161,Y,Y,Y,2n Cycle,Divorced,1,17,1071
Pooja Iyer,919800003749,51,Female,Hyderabad,73926,Y,Y,N,Graduation,Together,0,54,1580
Aditya Joshi,919800008523,56,Female,Delhi,19329,Y,Y,Y,Graduation,Married,1,39,60
Kabir Nair,919800000310,54,Male,Surat,61872,Y,Y,N,Master,Married,1,81,573
Arjun Nair,919800008629,68,Female,Kolkata,46984,Y,N,Y,Graduation,Widow,2,71,41
Karan Rao,919800000236,73,Male,Chennai,34838,Y,N,Y,Graduation,Married,2,62,170
Ananya Sharma,919800009930,80,Female,Kochi,82716,Y,Y,N,PhD,Single,0,8,1167
Neha Gupta,919800003483,66,Male,Kochi,48192,Y,N,Y,Graduation,Married,0,76,1526
Karan Reddy,919800004599,48,Female,Pune,49681,Y,Y,Y,Master,Married,2,66,458
Diya Patel,919800007326,53,Female,Delhi,56850,Y,N,N,Master,Married,1,83,63
Riya Das,919800007352,67,Male,Indore,55267,Y,Y,N,Graduation,Married,1,28,405
Vivaan Gupta,919800002350,52,Male,Lucknow,59666,Y,Y,Y,Graduation,Married,2,87,1027
Ananya Gupta,919800009145,52,Male,Nagpur,72504,Y,Y,N,Graduation,Single,1,43,1478
Aisha Patel,919800002964,43,Female,Indore,26872,Y,N,Y,Graduation,Married,0,0,72
Vivaan Khan,919800005585,52,Female,Kochi,21359,Y,N,Y,Graduation,Single,1,1,48
Ananya Das,919800009687,49,Male,Lucknow,73170,Y,Y,N,Graduation,Single,0,1,726
Sneha Joshi,919800003732,69,Female,Kolkata,52750,Y,Y,N,Master,Married,1,72,860
Amit Iyer,919800006303,38,Male,Delhi,91820,Y,Y,N,PhD,Together,0,72,1497
Aisha Sharma,919800011176,54,Male,Hyderabad,65968,Y,Y,N,PhD,Together,1,12,495
Diya Sharma,919800002986,48,Female,Hyderabad,30772,Y,N,Y,Graduation,Married,2,89,20
Neha Joshi,919800007462,70,Male,Kolkata,22507,Y,Y,Y,Graduation,Single,0,67,570
Arjun Joshi,919800003900,52,Male,Chennai,65685,Y,Y,Y,Graduation,Married,1,54,769
Rahul Verma,919800007034,46,Female,Kolkata,25804,Y,N,Y,2n Cycle,Married,1,34,55
Karan Iyer,919800009493,44,Female,Jaipur,76412,Y,Y,N,PhD,Single,0,15,1808
Vivaan Mehta,919800001143,52,Male,Kolkata,22063,Y,N,Y,Graduation,Married,1,43,55
Rahul Rao,919800000001,63,Male,Ahmedabad,57091,Y,Y,Y,Graduation,Single,0,0,577
Ishaan Sharma,919800003855,61,Female,Bangalore,22419,Y,Y,Y,Graduation,Married,0,74,162
Pooja Patel,919800005536,65,Male,Jaipur,87771,Y,Y,Y,Graduation,Together,1,61,1957
Riya Reddy,919800005989,65,Male,Bangalore,78353,Y,Y,Y,2n Cycle,Divorced,1,51,1576
Neha Iyer,919800009499,70,Female,Delhi,93404,Y,Y,Y,Graduation,Married,3,97,1616
Ishaan Mehta,919800006768,62,Female,Bangalore,37859,Y,N,Y,Graduation,Divorced,3,75,36
Saanvi Mehta,919800002150,66,Female,Kochi,80995,Y,Y,N,PhD,Widow,1,83,1482
Sneha Reddy,919800006646,40,Male,Mumbai,16529,Y,N,Y,Graduation,Together,1,23,22
Rahul Joshi,919800004887,48,Female,Bangalore,55412,Y,N,Y,PhD,Divorced,2,65,63
Neha Joshi,919800008560,32,Female,Bangalore,48789,Y,Y,Y,Graduation,Single,0,94,680
Saanvi Das,919800003321,57,Male,Pune,56575,Y,Y,Y,PhD,Together,2,42,542
Diya Khan,919800011003,44,Female,Nagpur,25130,Y,N,Y,2n Cycle,Together,1,10,50
Ananya Mehta,919800010402,57,Male,Lucknow,35441,Y,N,Y,Graduation,Married,2,94,39
Karan Rao,919800009904,68,Female,Surat,71391,Y,Y,N,Graduation,Married,1,50,1043
Ishaan Verma,919800006141,52,Female,Mumbai,49494,Y,Y,Y,Master,Single,1,46,385
Neha Singh,919800005687,44,Male,Mumbai,81702,Y,Y,N,Graduation,Divorced,0,98,1633
Vivaan Nair,919800010856,44,Female,Hyderabad,45889,Y,N,Y,2n Cycle,Single,1,42,46
Diya Joshi,919800005121,47,Female,Ahmedabad,56628,Y,Y,Y,Graduation,Single,1,30,761
Diya Patel,919800004186,74,Female,Ahmedabad,34026,Y,N,Y,Graduation,Together,2,11,76
Karan Das,919800000368,50,Female,Chennai,40049,Y,Y,Y,Graduation,Married,1,61,290
Ananya Khan,919800003312,36,Male,Mumbai,34176,Y,Y,Y,Graduation,Single,1,12,89
Aarav Singh,919800011121,43,Female,Delhi,19419,Y,Y,Y,Graduation,Married,1,76,70
Rohan Joshi,919800005332,64,Female,Delhi,82504,Y,Y,N,2n Cycle,Married,0,2,1066
Sneha Gupta,919800005848,54,Female,Hyderabad,81205,Y,Y,N,Graduation,Together,0,43,2009
Pooja Iyer,919800010343,33,Male,Pune,61618,Y,Y,N,2n Cycle,Single,0,27,1345
Aditya Mehta,919800005935,68,Female,Kochi,55284,Y,Y,Y,Master,Single,1,60,764
Meera Joshi,919800002895,61,Female,Kochi,49980,Y,Y,Y,Graduation,Single,1,79,195
Kabir Verma,919800010262,44,Male,Indore,15072,Y,Y,Y,Graduation,Married,2,96,53
Aarav Sharma,919800007848,50,Female,Surat,49166,Y,Y,Y,Graduation,Single,1,17,368
Saanvi Nair,919800009477,70,Female,Bangalore,65324,Y,Y,N,PhD,Married,1,0,544
Rahul Mehta,919800004856,67,Male,Delhi,82347,Y,Y,N,2n Cycle,Married,0,38,1853
Aisha Joshi,919800007186,58,Female,Kolkata,30843,Y,N,Y,PhD,Together,2,43,35
Ananya Mehta,919800005794,50,Female,Pune,46374,Y,Y,Y,PhD,Married,1,1,446
Kabir Iyer,919800001456,45,Male,Jaipur,60474,Y,Y,Y,Graduation,Single,1,25,1180
Neha Nair,919800004877,51,Male,Mumbai,38576,Y,N,Y,Master,Married,1,2,41
Vivaan Verma,919800000425,39,Female,Mumbai,55357,Y,Y,Y,Graduation,Married,2,66,727
Ishaan Singh,919800003007,58,Female,Ahmedabad,37758,Y,N,Y,Graduation,Together,2,49,40
Ananya Nair,919800001031,35,Male,Bangalore,85710,Y,Y,N,2n Cycle,Married,0,5,1062
Kabir Patel,919800004297,55,Male,Ahmedabad,23228,Y,N,Y,Graduation,Together,1,71,40
Arjun Verma,919800000807,55,Male,Surat,44602,Y,Y,Y,Master,Together,2,35,292
Karan Singh,919800009553,37,Male,Hyderabad,7500,Y,N,Y,Graduation,Married,0,94,15
Neha Sharma,919800004271,35,Male,Surat,38683,Y,Y,Y,2n Cycle,Together,1,80,341
Meera Rao,919800004120,49,Female,Bangalore,49514,Y,Y,Y,2n Cycle,Single,1,61,369
Aisha Verma,919800002036,51,Male,Jaipur,57906,Y,Y,N,PhD,Together,1,29,401
Priya Iyer,919800000115,58,Male,Ahmedabad,43456,Y,Y,Y,Master,Single,1,0,393
Aarav Mehta,919800004259,38,Male,Indore,19485,Y,N,Y,Master,Single,2,80,10
Ananya Gupta,919800008687,46,Female,Mumbai,53172,Y,N,N,Graduation,Together,1,54,486
Karan Rao,919800002447,45,Female,Lucknow,30545,Y,N,Y,Graduation,Together,1,71,69
Ishaan Singh,919800010140,41,Male,Jaipur,70123,Y,Y,N,PhD,Together,0,27,1727
Rohan Khan,919800009353,65,Female,Kolkata,62450,Y,Y,N,Graduation,Single,1,61,995
Pooja Mehta,919800003623,48,Male,Kolkata,21675,Y,Y,Y,Graduation,Together,1,55,45
Meera Das,919800000738,43,Male,Nagpur,42395,Y,Y,Y,2n Cycle,Single,2,35,182
Vivaan Joshi,919800007631,46,Female,Lucknow,61346,Y,Y,N,Master,Together,1,34,989
Aisha Das,919800004789,71,Female,Pune,80812,Y,Y,N,Graduation,Together,0,95,1677
Sneha Mehta,919800000773,53,Male,Chennai,42835,Y,Y,Y,Master,Divorced,2,64,595
Rohan Khan,919800010602,41,Male,Surat,39922,Y,Y,Y,Graduation,Married,1,30,156
Ishaan Reddy,919800001446,68,Female,Indore,86424,Y,Y,N,Master,Single,0,12,1226
Aditya Patel,919800003270,46,Female,Jaipur,17117,Y,Y,Y,2n Cycle,Together,1,96,128
Amit Gupta,919800008443,52,Female,Jaipur,24762,Y,Y,Y,Graduation,Single,1,16,86
Kabir Das,919800009653,49,Female,Kolkata,35797,Y,N,Y,Graduation,Married,1,16,68
Riya Verma,919800008916,49,Male,Bangalore,36627,Y,N,Y,Graduation,Divorced,2,78,16
Ishaan Khan,919800008017,43,Male,Hyderabad,51111,Y,N,Y,2n Cycle,Married,2,83,55
Riya Mehta,919800005830,52,Male,Hyderabad,86857,Y,Y,N,PhD,Single,0,96,2114
Rahul Mehta,919800004597,54,Female,Indore,82072,Y,Y,N,PhD,Together,0,67,2018
Sneha Reddy,919800007023,71,Female,Hyderabad,46231,Y,Y,Y,PhD,Single,3,87,263
Pooja Das,919800008086,65,Male,Indore,42243,Y,N,Y,Graduation,Married,2,34,55
Rahul Das,919800008825,62,Male,Surat,51195,Y,Y,Y,Graduation,Together,2,46,564
Priya Mehta,919800002930,46,Male,Nagpur,68092,Y,N,Y,Master,Single,0,7,1281
Karan Patel,919800001928,51,Male,Kochi,31814,Y,N,Y,Graduation,Married,1,73,83
Rahul Verma,919800007108,59,Female,Surat,51390,Y,Y,Y,Master,Widow,2,54,353
Arjun Khan,919800010925,41,Male,Hyderabad,76630,Y,Y,N,Graduation,Married,0,93,1003
Amit Singh,919800009960,33,Male,Bangalore,26868,Y,N,Y,Basic,Single,1,52,14
Neha Rao,919800008800,81,Male,Kolkata,48948,Y,Y,Y,PhD,Divorced,0,53,902
Kabir Sharma,919800009224,52,Female,Mumbai,55260,Y,Y,Y,PhD,Single,1,81,1139
Aarav Joshi,919800005519,68,Male,Ahmedabad,64090,Y,Y,Y,Graduation,Together,1,8,797
Aisha Verma,919800005046,66,Male,Kolkata,78331,Y,Y,N,Graduation,Divorced,1,97,1638
Aditya Das,919800007037,50,Male,Lucknow,37087,Y,Y,Y,PhD,Married,1,50,401
Diya Joshi,919800000905,38,Female,Bangalore,21846,Y,Y,Y,Graduation,Divorced,1,38,84
Neha Joshi,919800008624,66,Female,Nagpur,81320,Y,Y,N,Graduation,Married,0,61,928
Aarav Nair,919800008945,54,Male,Hyderabad,54137,Y,Y,Y,Graduation,Divorced,1,46,203
Neha Khan,919800006445,57,Female,Indore,66825,Y,Y,N,Graduation,Together,0,73,858
Sneha Sharma,919800002727,51,Female,Delhi,57100,Y,Y,N,Graduation,Together,0,19,409
Neha Khan,919800006404,55,Female,Nagpur,58917,Y,Y,Y,Graduation,Together,3,10,282
Meera Verma,919800011074,47,Male,Kochi,85072,Y,Y,N,Graduation,Single,0,94,1423
Kabir Nair,919800010150,63,Female,Hyderabad,86429,Y,Y,N,Graduation,Single,0,10,1449
Karan Sharma,919800001968,53,Female,Delhi,45684,Y,N,Y,Graduation,Widow,1,37,28
Aarav Singh,919800006534,50,Male,Delhi,47889,Y,N,Y,Graduation,Together,1,94,67
Riya Patel,919800009485,38,Male,Jaipur,45921,Y,N,N,PhD,Married,0,23,199
Aisha Mehta,919800007053,58,Female,Surat,78420,Y,Y,N,PhD,Single,0,75,1453
Saanvi Das,919800004654,32,Female,Jaipur,75114,Y,Y,N,Graduation,Together,0,40,1253
Riya Singh,919800009760,61,Male,Mumbai,52278,Y,Y,Y,PhD,Widow,1,24,1198
Rohan Patel,919800001048,52,Female,Jaipur,35641,Y,Y,Y,Master,Married,1,11,178
Sneha Sharma,919800010619,30,Male,Delhi,95529,Y,Y,N,Graduation,Single,0,29,1990
Ananya Das,919800009308,70,Female,Surat,62820,Y,Y,N,Graduation,Married,0,51,976
Sneha Patel,919800010505,64,Female,Kolkata,73113,Y,Y,N,Master,Together,0,86,1001
Kabir Das,919800008362,42,Male,Pune,84169,Y,Y,N,PhD,Married,0,9,1919
Rohan Khan,919800002625,70,Male,Chennai,42607,Y,Y,N,2n Cycle,Single,1,30,350
Saanvi Das,919800004637,70,Male,Hyderabad,74637,Y,Y,N,PhD,Single,0,73,1650
Ananya Iyer,919800009972,69,Female,Pune,46015,Y,N,Y,PhD,Together,2,25,46
Amit Singh,919800004483,31,Female,Pune,72354,Y,N,N,Graduation,Single,0,67,1228
Rohan Sharma,919800004487,55,Female,Lucknow,39858,Y,N,Y,Master,Single,1,67,95
Sneha Iyer,919800004988,76,Male,Mumbai,34469,Y,N,N,PhD,Married,2,58,62
Kabir Singh,919800008931,38,Male,Kochi,83033,Y,Y,Y,Graduation,Together,1,82,1761
Saanvi Joshi,919800005871,45,Male,Chennai,24401,Y,Y,Y,Master,Together,0,98,467
Arjun Nair,919800002008,46,Male,Jaipur,77583,Y,Y,N,Graduation,Married,0,93,1149
Riya Iyer,919800003139,42,Male,Indore,74116,Y,Y,N,2n Cycle,Single,0,53,2052
Vivaan Khan,919800010037,31,Male,Surat,74293,Y,Y,N,Graduation,Single,0,66,1127
Ishaan Rao,919800010673,48,Female,Kochi,68397,Y,Y,N,PhD,Married,1,6,1416
Amit Mehta,919800005303,50,Male,Pune,79632,Y,Y,N,PhD,Together,0,42,1113
Aisha Rao,919800000538,35,Male,Surat,46107,Y,N,N,Graduation,Single,1,78,125
Saanvi Mehta,919800007922,73,Male,Chennai,64950,Y,Y,Y,PhD,Single,1,29,966
Rohan Joshi,919800005692,35,Female,Jaipur,25443,Y,N,Y,Basic,Married,1,82,32
Kabir Iyer,919800004843,72,Female,Pune,75127,Y,N,N,Graduation,Single,0,92,833
Vivaan Joshi,919800006383,53,Female,Kochi,32892,Y,Y,Y,PhD,Together,1,78,46
Rohan Rao,919800001628,53,Female,Jaipur,71796,Y,Y,N,Graduation,Together,0,54,960
Neha Reddy,919800001204,54,Male,Pune,67536,Y,Y,Y,PhD,Married,1,45,1829
Saanvi Patel,919800003673,53,Male,Mumbai,55239,Y,Y,Y,Graduation,Single,1,59,779
Karan Gupta,919800000760,49,Female,Kolkata,60554,Y,Y,Y,PhD,Divorced,1,8,811
Amit Rao,919800008957,72,Female,Bangalore,64831,Y,Y,Y,2n Cycle,Single,2,51,1120
Amit Verma,919800004128,62,Male,Chennai,56067,Y,Y,Y,PhD,Together,1,51,725
Aisha Nair,919800006810,41,Female,Delhi,82025,Y,Y,N,Graduation,Divorced,0,76,1187
Ishaan Das,919800005386,71,Male,Lucknow,94384,Y,Y,N,Graduation,Together,0,62,2302
Ananya Nair,919800008700,38,Female,Ahmedabad,14906,Y,N,Y,Basic,Single,0,86,66
Neha Rao,919800003202,37,Female,Indore,51563,Y,Y,Y,PhD,Married,0,60,1250
Aditya Singh,919800001328,42,Female,Bangalore,57937,Y,Y,N,2n Cycle,Married,1,56,683
Riya Nair,919800008405,45,Male,Nagpur,68274,Y,Y,N,Graduation,Divorced,2,83,305
Ananya Mehta,919800006515,47,Female,Hyderabad,39771,Y,N,N,Graduation,Together,1,92,50
Aarav Reddy,919800002882,49,Male,Kolkata,67893,Y,Y,Y,2n Cycle,Divorced,1,31,995
Karan Reddy,919800007574,45,Female,Surat,27922,Y,N,N,PhD,Together,1,80,41
Rahul Mehta,919800006387,48,Male,Hyderabad,52190,Y,N,Y,PhD,Together,2,39,77
Kabir Joshi,919800005320,51,Male,Bangalore,44051,Y,Y,Y,Master,Divorced,2,20,171
Meera Sharma,919800005048,53,Male,Delhi,42767,Y,Y,Y,PhD,Single,2,53,131
Amit Iyer,919800008146,48,Male,Mumbai,46106,Y,N,Y,Master,Together,2,84,54
Ishaan Nair,919800010031,48,Male,Kochi,16927,Y,Y,Y,PhD,Married,2,50,53
Rohan Sharma,919800005748,59,Male,Pune,59754,Y,Y,Y,Graduation,Married,1,96,475
Rohan Joshi,919800002134,72,Male,Kochi,53700,Y,Y,Y,Graduation,Single,1,94,694
Sneha Gupta,919800001523,51,Female,Bangalore,59041,Y,N,Y,Graduation,Married,2,25,96
Vivaan Gupta,919800009665,67,Male,Delhi,54237,Y,Y,Y,PhD,Divorced,1,48,361
Meera Iyer,919800004640,57,Female,Lucknow,70647,Y,Y,N,Graduation,Divorced,1,65,1079
Arjun Nair,919800003635,62,Female,Surat,52597,Y,Y,Y,PhD,Single,1,69,578
Aarav Sharma,919800003547,55,Female,Lucknow,41021,Y,N,Y,Master,Together,1,12,64
Rohan Sharma,919800002456,49,Female,Lucknow,40233,Y,N,Y,PhD,Married,1,84,149
Rohan Patel,919800005633,44,Male,Mumbai,50183,Y,Y,Y,Graduation,Married,2,47,231
Saanvi Reddy,919800007801,65,Male,Jaipur,54753,Y,Y,N,Graduation,Together,1,87,728
Aditya Iyer,919800010489,51,Female,Kolkata,92955,Y,Y,N,Graduation,Married,0,35,1778
Neha Khan,919800007011,51,Male,Kochi,33471,Y,Y,Y,Graduation,Married,1,47,93
Meera Das,919800002620,50,Female,Hyderabad,34596,Y,N,Y,PhD,Married,1,48,23
Meera Nair,919800003933,44,Female,Nagpur,44010,Y,Y,Y,Graduation,Together,1,46,662
Vivaan Rao,919800010981,36,Female,Kochi,84219,Y,Y,N,Graduation,Married,0,27,1198
Pooja Joshi,919800001734,56,Female,Jaipur,40706,Y,Y,Y,PhD,Together,3,37,81
Riya Iyer,919800010995,36,Female,Bangalore,15716,Y,Y,Y,2n Cycle,Married,1,8,92
Riya Sharma,919800006357,65,Female,Delhi,59052,Y,Y,Y,2n Cycle,Divorced,1,29,491
Neha Patel,919800009209,53,Male,Kolkata,80573,Y,Y,N,Master,Together,0,85,1564
Aditya Sharma,919800010286,62,Male,Delhi,83715,Y,N,N,Graduation,Married,0,2,926
Vivaan Khan,919800002611,65,Male,Jaipur,82576,Y,N,N,Master,Together,0,66,1910
Ananya Nair,919800001600,59,Female,Indore,56962,Y,Y,Y,Master,Married,3,60,411
Saanvi Patel,919800003308,72,Male,Jaipur,35704,Y,N,N,Graduation,Married,2,54,94
Aarav Iyer,919800005407,70,Male,Ahmedabad,53103,Y,Y,Y,Graduation,Together,1,70,1085
Sneha Reddy,919800002166,64,Female,Nagpur,46779,Y,N,N,2n Cycle,Widow,2,55,23
Arjun Singh,919800003955,59,Male,Pune,4861,Y,N,Y,Graduation,Divorced,0,20,6
Aarav Verma,919800006634,45,Male,Delhi,33462,Y,N,Y,Master,Divorced,1,78,54
Arjun Mehta,919800003056,46,Female,Mumbai,63693,Y,Y,Y,Graduation,Divorced,1,63,1150
Kabir Das,919800005718,74,Female,Kolkata,80763,Y,Y,N,Graduation,Married,0,17,1415
Arjun Mehta,919800006872,50,Male,Mumbai,65352,Y,Y,N,PhD,Married,1,43,405
Riya Sharma,919800008164,46,Female,Indore,82170,Y,Y,N,PhD,Married,0,13,1908
Priya Reddy,919800004580,55,Male,Pune,75759,Y,Y,Y,Graduation,Married,0,46,2486
Ishaan Iyer,919800009305,48,Female,Kochi,79689,Y,Y,N,2n Cycle,Single,0,65,1315
Riya Nair,919800000453,68,Female,Hyderabad,35340,Y,N,Y,PhD,Widow,2,1,45
Amit Rao,919800008545,70,Male,Ahmedabad,85683,Y,N,N,Graduation,Divorced,0,6,1789
Riya Rao,919800009850,52,Male,Surat,24884,Y,N,Y,2n Cycle,Married,1,32,19
Aisha Nair,919800007378,43,Male,Pune,42021,Y,Y,Y,Master,Together,1,34,573
Aarav Singh,919800007646,35,Male,Bangalore,64449,Y,Y,N,Graduation,Single,1,70,805
Rohan Mehta,919800001640,70,Female,Hyderabad,64587,Y,N,N,Graduation,Divorced,2,49,108
Amit Sharma,919800005184,29,Male,Surat,34824,Y,N,Y,Graduation,Single,0,65,23
Neha Sharma,919800008492,46,Female,Bangalore,75437,Y,Y,Y,Graduation,Together,0,25,1493
Priya Patel,919800011188,67,Female,Kochi,26091,Y,N,Y,Graduation,Together,2,84,89
Aarav Rao,919800001212,51,Male,Bangalore,52845,Y,Y,Y,Graduation,Married,1,7,936
Aarav Patel,919800009097,68,Female,Bangalore,46086,Y,Y,N,Graduation,Divorced,1,34,343
Rahul Joshi,919800010473,68,Female,Delhi,78028,Y,Y,Y,PhD,Widow,1,38,528
Ananya Singh,919800007962,37,Female,Delhi,95169,Y,Y,N,PhD,Single,0,1,1901
Priya Iyer,919800009984,43,Female,Pune,56337,Y,Y,Y,2n Cycle,Married,2,25,724
Vivaan Das,919800005527,37,Male,Hyderabad,22434,Y,N,Y,Graduation,Together,1,25,58
Aarav Sharma,919800006374,70,Male,Jaipur,36930,Y,Y,Y,PhD,Married,1,50,297
Meera Reddy,919800007453,70,Female,Indore,36130,Y,Y,N,Graduation,Single,1,46,488
Diya Joshi,919800008952,71,Male,Mumbai,65569,Y,Y,N,Master,Married,1,96,859
Rohan Verma,919800000241,72,Male,Delhi,83844,Y,Y,N,Graduation,Together,0,57,1574
Sneha Patel,919800008975,56,Female,Mumbai,19514,Y,Y,Y,Graduation,Married,2,47,69
Ananya Reddy,919800006119,61,Male,Kochi,36736,Y,N,Y,PhD,Single,2,52,17
Pooja Khan,919800005236,45,Male,Jaipur,77568,Y,Y,Y,Graduation,Together,1,30,2194
Neha Singh,919800005723,48,Male,Pune,49187,Y,N,N,PhD,Together,1,63,116
Ishaan Reddy,919800001710,46,Male,Chennai,30168,Y,Y,Y,Graduation,Single,1,51,279
Ananya Sharma,919800001970,56,Female,Chennai,34053,Y,Y,Y,Master,Together,1,14,103
Aditya Sharma,919800005313,53,Male,Jaipur,38196,Y,N,Y,Master,Married,2,20,44
Vivaan Gupta,919800010634,73,Female,Chennai,59412,Y,Y,N,Master,Married,0,56,406
Aarav Iyer,919800007010,59,Male,Kochi,70924,Y,Y,N,2n Cycle,Married,0,41,1363
Karan Khan,919800008562,55,Female,Jaipur,54165,Y,N,N,Graduation,Together,0,72,236
Rohan Joshi,919800003158,51,Female,Surat,32300,Y,N,Y,Graduation,Married,1,1,39
Riya Gupta,919800004436,48,Female,Pune,20180,Y,N,Y,Graduation,Single,0,27,137
Pooja Gupta,919800005287,51,Female,Bangalore,34961,Y,Y,Y,Graduation,Married,1,77,79
Arjun Rao,919800002445,50,Female,Kolkata,28440,Y,N,Y,PhD,Together,1,87,63
Saanvi Mehta,919800006059,71,Male,Hyderabad,64504,Y,Y,Y,PhD,Together,3,81,1314
Meera Khan,919800004550,58,Female,Indore,33564,Y,N,Y,Master,Together,1,51,71
Meera Joshi,919800004240,46,Female,Hyderabad,17345,Y,N,Y,Graduation,Married,1,79,58
Ishaan Mehta,919800008911,57,Male,Delhi,56320,Y,Y,N,PhD,Married,1,11,702
Meera Rao,919800003706,46,Male,Indore,28647,Y,N,Y,Graduation,Single,1,54,94
Vivaan Gupta,919800003628,37,Female,Kochi,15038,Y,N,Y,Basic,Single,1,93,80
Karan Khan,919800010175,66,Female,Ahmedabad,32173,Y,N,N,PhD,Divorced,1,0,22
Amit Sharma,919800008985,60,Female,Indore,68316,Y,Y,Y,2n Cycle,Together,1,54,1211
Sneha Khan,919800005204,53,Female,Lucknow,74538,Y,Y,N,Graduation,Together,0,21,1461
Pooja Gupta,919800009220,53,Male,Surat,91700,Y,Y,N,Graduation,Single,0,58,1968
Arjun Iyer,919800009888,55,Male,Kolkata,68695,Y,Y,N,Graduation,Together,0,3,1091
Rahul Nair,919800005263,47,Female,Delhi,31056,Y,N,Y,2n Cycle,Married,1,99,55
Pooja Mehta,919800001020,51,Male,Lucknow,79593,Y,Y,N,Graduation,Married,0,70,1366
Riya Nair,919800009503,44,Female,Surat,28071,Y,Y,Y,Graduation,Single,0,65,313
Neha Khan,919800010613,66,Female,Lucknow,37334,Y,Y,N,PhD,Together,2,44,62
Kabir Patel,919800000067,52,Male,Nagpur,46423,Y,N,Y,Master,Single,2,6,92
Rahul Iyer,919800006019,53,Male,Jaipur,37126,Y,N,Y,PhD,Married,1,9,72
Ananya Iyer,919800005863,71,Male,Kochi,47703,Y,Y,Y,Graduation,Married,1,95,655
Ananya Patel,919800003717,65,Female,Bangalore,61180,Y,Y,N,Graduation,Married,1,70,704
Vivaan Iyer,919800006730,70,Female,Pune,38998,Y,N,Y,Graduation,Married,2,92,54
Priya Verma,919800010749,33,Female,Bangalore,8028,Y,N,Y,Graduation,Single,0,62,178
Riya Gupta,919800004998,62,Male,Pune,76081,Y,Y,N,Graduation,Together,0,85,1033
Neha Mehta,919800006287,38,Female,Ahmedabad,34728,Y,N,Y,Graduation,Together,1,2,36
Aditya Nair,919800005985,59,Female,Chennai,33168,Y,N,Y,Master,Single,1,0,122
Karan Joshi,919800004754,58,Male,Ahmedabad,33585,Y,N,N,Master,Married,1,91,122
Sneha Joshi,919800004002,64,Male,Nagpur,77037,Y,Y,N,PhD,Married,1,3,1123
Rahul Patel,919800008870,40,Male,Kochi,35196,Y,Y,Y,Graduation,Together,1,68,497
Saanvi Iyer,919800000966,58,Female,Jaipur,44529,Y,Y,Y,Graduation,Married,1,98,691
Kabir Das,919800004767,59,Female,Jaipur,70924,Y,Y,N,2n Cycle,Married,0,41,1363
Rohan Rao,919800009725,58,Female,Chennai,28764,Y,N,Y,PhD,Together,2,16,12
Aarav Khan,919800004475,75,Male,Mumbai,69098,Y,Y,Y,PhD,Married,0,82,2440
Amit Nair,919800005740,54,Male,Lucknow,25959,Y,N,Y,2n Cycle,Divorced,2,1,56
Ananya Nair,919800005731,41,Female,Pune,27100,Y,N,Y,Master,Married,1,64,37
Riya Reddy,919800007290,39,Female,Surat,70596,Y,Y,N,Graduation,Single,0,68,968
Karan Verma,919800003846,50,Female,Surat,42557,Y,Y,Y,Graduation,Married,1,98,270
Aditya Reddy,919800008104,73,Male,Kolkata,53312,Y,Y,Y,PhD,Married,0,32,278
Aisha Das,919800004507,72,Female,Mumbai,72228,Y,Y,N,Graduation,Single,0,87,1250
Karan Gupta,919800011013,37,Female,Mumbai,67605,Y,N,N,Graduation,Together,0,84,938
Aisha Gupta,919800004491,75,Female,Kochi,62845,Y,Y,Y,Master,Married,2,3,1178
Meera Rao,919800003759,66,Female,Pune,65196,Y,Y,Y,Graduation,Together,2,34,1155
Kabir Gupta,919800001162,37,Male,Lucknow,42000,Y,Y,Y,PhD,Single,0,23,653
Ishaan Joshi,919800002055,51,Female,Delhi,35860,Y,N,Y,PhD,Divorced,2,37,49
Ishaan Iyer,919800010766,60,Male,Delhi,65526,Y,Y,N,PhD,Married,1,22,506
Karan Gupta,919800004415,63,Female,Jaipur,16860,Y,N,Y,Graduation,Married,2,19,38
Priya Singh,919800003005,32,Male,Delhi,83528,Y,Y,N,Graduation,Single,0,7,1650
Amit Das,919800002223,59,Female,Ahmedabad,64176,Y,Y,Y,2n Cycle,Divorced,1,52,1826
Priya Gupta,919800004817,68,Female,Bangalore,22304,Y,N,Y,Graduation,Divorced,0,91,18
Aditya Singh,919800002875,46,Female,Ahmedabad,67023,Y,Y,N,Graduation,Married,0,93,906
Saanvi Khan,919800010536,53,Male,Kochi,32892,Y,Y,Y,PhD,Together,1,78,46
Kabir Joshi,919800011112,58,Male,Kolkata,70713,Y,Y,N,Graduation,Together,1,23,1477
Pooja Sharma,919800003807,69,Female,Jaipur,59925,Y,Y,Y,Graduation,Together,1,83,766
Rohan Rao,919800009197,71,Female,Nagpur,39722,Y,N,Y,Graduation,Married,1,92,47
Karan Verma,919800010832,66,Male,Hyderabad,46610,Y,Y,Y,Graduation,Together,0,4,467
Aditya Das,919800006421,63,Male,Delhi,88347,Y,Y,N,Graduation,Together,0,32,2116
Sneha Verma,919800004207,43,Male,Lucknow,87171,Y,Y,N,PhD,Married,0,27,1298
Karan Sharma,919800000577,48,Male,Indore,26907,Y,N,Y,2n Cycle,Together,2,10,22
Rohan Singh,919800010855,56,Male,Jaipur,50014,Y,Y,Y,Master,Single,1,9,396
Priya Das,919800003081,46,Male,Kolkata,41014,Y,N,Y,PhD,Married,1,65,20
Vivaan Mehta,919800003535,59,Male,Pune,66294,Y,Y,N,Graduation,Single,0,68,967
Rohan Reddy,919800000247,53,Male,Bangalore,36715,Y,Y,Y,Graduation,Married,1,16,357
Pooja Nair,919800008707,68,Female,Delhi,79456,Y,Y,N,Graduation,Married,0,12,1401
Rohan Gupta,919800009523,42,Female,Kochi,40479,Y,N,N,Graduation,Together,1,95,15
Aisha Khan,919800006072,54,Female,Jaipur,75345,Y,Y,N,Master,Single,0,16,2087
Priya Mehta,919800006295,47,Male,Chennai,54233,Y,Y,Y,Graduation,Married,1,46,981
Aisha Reddy,919800010914,54,Female,Nagpur,24163,Y,N,N,Graduation,Single,2,3,17
Priya Khan,919800001509,66,Female,Chennai,84460,Y,Y,Y,PhD,Together,0,80,523
Ishaan Patel,919800005577,41,Male,Hyderabad,43776,Y,N,Y,Graduation,Together,1,77,23
Pooja Mehta,919800007348,66,Female,Ahmedabad,71691,Y,Y,N,PhD,Single,0,0,1192
Sneha Joshi,919800001127,51,Male,Pune,85844,Y,Y,N,PhD,Married,0,62,1958
Rohan Reddy,919800001833,50,Female,Indore,39190,Y,N,Y,PhD,Single,1,91,133
Pooja Mehta,919800004944,65,Male,Indore,71367,Y,Y,N,Graduation,Together,0,24,777
Rohan Sharma,919800009080,52,Male,Kolkata,38578,Y,Y,Y,PhD,Single,2,2,73
Amit Iyer,919800006466,59,Male,Chennai,57236,Y,N,N,PhD,Married,2,22,121
Kabir Rao,919800009964,45,Female,Chennai,61825,Y,Y,N,Graduation,Single,1,56,424
Ishaan Joshi,919800004790,66,Male,Nagpur,79803,Y,Y,N,Graduation,Divorced,1,54,868
Amit Das,919800010245,38,Female,Kolkata,80910,Y,Y,N,2n Cycle,Single,0,71,756
Karan Reddy,919800001109,42,Male,Mumbai,27590,Y,N,Y,Master,Together,1,38,12
Ananya Gupta,919800006001,45,Male,Mumbai,56775,Y,Y,Y,Graduation,Married,1,62,937
Saanvi Verma,919800005538,49,Female,Bangalore,83829,Y,Y,N,Graduation,Divorced,0,78,1862
Aarav Joshi,919800010552,45,Male,Ahmedabad,54210,Y,Y,Y,2n Cycle,Married,1,18,367
Kabir Mehta,919800001545,38,Female,Nagpur,38508,Y,Y,Y,Graduation,Married,1,95,443
Ishaan Khan,919800007409,54,Male,Bangalore,53187,Y,Y,Y,Graduation,Together,1,66,267
Ishaan Khan,919800004444,52,Male,Ahmedabad,30023,Y,N,Y,Graduation,Married,1,28,61
Diya Reddy,919800000146,64,Male,Mumbai,76045,Y,Y,N,PhD,Single,0,78,1323
Priya Reddy,919800006271,72,Female,Indore,50870,Y,N,Y,PhD,Married,1,13,63
Karan Mehta,919800010065,54,Female,Bangalore,15315,Y,N,Y,2n Cycle,Married,0,27,64
Vivaan Joshi,919800004741,50,Male,Mumbai,65463,Y,Y,Y,2n Cycle,Married,1,17,562
Ananya Singh,919800000246,59,Female,Nagpur,66480,Y,Y,N,Graduation,Married,2,71,312
Kabir Das,919800000375,70,Female,Indore,76773,Y,N,N,Graduation,Divorced,0,79,1156
Pooja Joshi,919800001524,41,Male,Chennai,81698,Y,Y,Y,2n Cycle,Single,0,1,1104
Riya Iyer,919800010022,51,Male,Bangalore,54466,Y,N,Y,PhD,Single,2,78,16
Kabir Gupta,919800007451,64,Male,Pune,98777,Y,Y,N,Master,Single,0,23,2008
Arjun Patel,919800011010,40,Female,Hyderabad,16269,Y,Y,Y,PhD,Single,1,75,44
Pooja Joshi,919800004356,53,Male,Hyderabad,71819,Y,Y,Y,Graduation,Together,1,70,1574
Karan Patel,919800003885,41,Male,Kolkata,33569,Y,N,Y,PhD,Married,1,10,63
Rohan Mehta,919800001175,41,Female,Delhi,36262,Y,Y,Y,Master,Married,0,24,426
Vivaan Iyer,919800000880,58,Male,Kochi,22634,Y,N,Y,Basic,Together,0,47,96
Ishaan Mehta,919800002320,46,Male,Chennai,47025,Y,Y,Y,2n Cycle,Married,1,98,635
Sneha Iyer,919800000850,56,Male,Nagpur,70566,Y,Y,N,Graduation,Single,1,4,757
Sneha Verma,919800004713,45,Male,Ahmedabad,31605,Y,N,Y,PhD,Married,1,15,125
Riya Nair,919800000675,51,Male,Hyderabad,52034,Y,Y,Y,Master,Divorced,2,67,332
Saanvi Singh,919800005025,45,Female,Nagpur,48526,Y,N,N,Graduation,Single,1,32,135
Kabir Das,919800002308,70,Female,Mumbai,46734,Y,Y,Y,Graduation,Married,1,40,330
Amit Das,919800005995,62,Male,Mumbai,39552,Y,Y,Y,Graduation,Divorced,2,54,384
Neha Reddy,919800006749,58,Male,Kochi,86358,Y,Y,Y,Graduation,Single,2,78,1722
Aisha Sharma,919800001010,47,Male,Pune,46931,Y,N,N,Graduation,Together,3,94,78
Neha Singh,919800008977,39,Female,Hyderabad,16581,Y,N,N,Basic,Single,0,51,24
Rohan Joshi,919800004756,72,Female,Bangalore,63998,Y,Y,N,2n Cycle,Divorced,0,42,1168
Diya Rao,919800003412,73,Female,Nagpur,67381,Y,N,Y,Master,Married,1,67,957
Aditya Joshi,919800000606,57,Female,Delhi,25930,Y,N,Y,Graduation,Single,2,87,15
Pooja Verma,919800005961,46,Male,Lucknow,42693,Y,N,Y,Graduation,Married,1,29,57
Arjun Singh,919800002975,48,Male,Mumbai,85606,Y,Y,N,Graduation,Together,1,89,1956
Vivaan Khan,919800002894,39,Male,Kolkata,72903,Y,Y,N,Graduation,Single,0,74,2013
Saanvi Gupta,919800007613,50,Female,Delhi,49669,Y,Y,Y,2n Cycle,Together,1,97,326
Neha Joshi,919800010542,56,Male,Pune,36778,Y,Y,Y,PhD,Married,2,63,77
Ananya Mehta,919800008015,62,Male,Pune,85696,Y,Y,N,PhD,Divorced,0,88,1313
Aarav Mehta,919800010617,35,Female,Chennai,10979,Y,Y,Y,Master,Divorced,0,34,30
Saanvi Nair,919800011166,63,Male,Delhi,49678,Y,Y,Y,Graduation,Married,1,81,315
Kabir Verma,919800000849,71,Male,Ahmedabad,56129,Y,Y,N,Master,Together,1,65,660
Riya Khan,919800000523,35,Male,Pune,37155,Y,N,Y,Graduation,Married,1,51,74
Karan Reddy,919800004066,46,Male,Lucknow,21282,Y,N,Y,2n Cycle,Divorced,1,76,46
Pooja Sharma,919800008414,62,Female,Pune,33419,Y,N,Y,PhD,Single,1,76,86
Ishaan Nair,919800000819,79,Female,Jaipur,63285,Y,Y,N,Graduation,Widow,0,84,1103
Ishaan Patel,919800004961,50,Male,Indore,21255,Y,N,N,Master,Together,1,56,61
Pooja Khan,919800000749,43,Male,Delhi,42162,Y,Y,Y,Graduation,Together,1,31,145
Aarav Verma,919800005430,68,Male,Ahmedabad,54450,Y,Y,Y,Graduation,Together,2,0,684
Amit Reddy,919800007755,70,Male,Delhi,57744,Y,Y,Y,PhD,Married,1,91,411
Ananya Patel,919800010525,38,Female,Mumbai,26576,Y,N,Y,Graduation,Single,1,40,27
Priya Gupta,919800001453,81,Male,Chennai,57513,Y,Y,Y,PhD,Widow,0,59,1060
Amit Verma,919800008310,60,Male,Kochi,68142,Y,Y,Y,Graduation,Together,1,96,1459
Amit Reddy,919800010710,45,Male,Hyderabad,7500,Y,N,Y,Graduation,Married,1,61,18
Meera Rao,919800005031,50,Male,Surat,83145,Y,Y,N,Graduation,Together,0,14,1833
Kabir Verma,919800002613,64,Female,Delhi,54197,Y,N,N,Master,Married,1,16,237
Vivaan Reddy,919800000213,61,Male,Surat,23091,Y,N,Y,PhD,Single,2,98,48
Aisha Iyer,919800000967,48,Male,Nagpur,46049,Y,Y,Y,Graduation,Married,2,11,515
Karan Das,919800001077,50,Male,Mumbai,56715,Y,Y,N,Graduation,Together,0,52,1020
Rohan Gupta,919800007959,63,Female,Mumbai,79410,Y,Y,N,Graduation,Married,0,19,1370
Aditya Rao,919800000640,73,Male,Bangalore,57304,Y,Y,Y,Graduation,Married,1,61,1026
Rahul Mehta,919800004252,59,Male,Bangalore,44375,Y,Y,Y,Graduation,Married,1,73,301
Neha Rao,919800008432,68,Male,Hyderabad,54450,Y,Y,Y,Graduation,Together,2,0,684
Ishaan Reddy,919800006218,59,Female,Indore,59594,Y,Y,Y,Graduation,Married,1,74,499
Aditya Sharma,919800006905,30,Female,Mumbai,80685,Y,Y,N,Graduation,Together,0,55,1004
Sneha Khan,919800005922,50,Female,Delhi,40344,Y,Y,Y,PhD,Married,1,48,218
Meera Mehta,919800003598,52,Male,Hyderabad,62710,Y,Y,N,Graduation,Married,1,53,606
Vivaan Iyer,919800006116,56,Female,Delhi,48985,Y,N,N,2n Cycle,Married,1,13,75
Neha Das,919800006263,56,Male,Nagpur,35322,Y,N,Y,Graduation,Together,3,34,106
Sneha Mehta,919800010486,76,Female,Bangalore,77142,Y,Y,N,Graduation,Married,0,54,990
Riya Joshi,919800002410,55,Female,Mumbai,81657,Y,Y,N,Graduation,Single,0,69,1097
Karan Rao,919800000193,28,Male,Kolkata,14421,Y,N,Y,Basic,Married,0,81,16
Arjun Mehta,919800003363,50,Female,Indore,20130,Y,N,Y,2n Cycle,Married,0,99,34
Amit Khan,919800008278,34,Male,Delhi,74214,Y,Y,Y,PhD,Married,0,3,1711
Riya Rao,919800010660,67,Male,Hyderabad,66726,Y,Y,Y,Master,Married,2,61,438
Ishaan Das,919800008686,45,Female,Jaipur,23724,Y,N,Y,Basic,Together,1,65,75
Kabir Singh,919800001604,64,Male,Kolkata,47353,Y,N,Y,Master,Married,1,93,225
Arjun Rao,919800005907,72,Female,Surat,33444,Y,N,Y,Master,Married,2,24,18
Arjun Gupta,919800010669,43,Male,Hyderabad,54386,Y,Y,N,Graduation,Married,1,8,470
Rohan Mehta,919800002918,43,Female,Nagpur,28510,Y,N,Y,Graduation,Divorced,2,72,91
Aisha Sharma,919800005735,33,Female,Ahmedabad,90638,Y,Y,N,Master,Single,0,29,2525
Meera Sharma,919800000359,74,Male,Nagpur,48070,Y,Y,Y,Graduation,Together,1,33,504
Sneha Gupta,919800008387,67,Female,Lucknow,43140,Y,Y,Y,Graduation,Married,1,68,235
Aisha Singh,919800001829,63,Male,Pune,54959,Y,Y,Y,PhD,Divorced,1,55,1232
Pooja Reddy,919800003839,66,Male,Pune,15056,Y,N,Y,Basic,Single,2,76,88
Arjun Singh,919800009392,53,Male,Chennai,26954,Y,N,Y,Graduation,Single,1,17,17
Rohan Verma,919800002292,39,Female,Bangalore,22327,Y,N,Y,Graduation,Single,1,94,24
Karan Gupta,919800010466,59,Male,Delhi,44393,Y,N,N,Graduation,Married,2,86,60
Ishaan Mehta,919800009855,72,Male,Kolkata,62000,Y,Y,N,PhD,Single,1,25,1020
Ananya Gupta,919800004088,62,Female,Pune,31497,Y,Y,Y,PhD,Together,1,22,155
Saanvi Iyer,919800005231,50,Male,Hyderabad,45894,Y,N,Y,2n Cycle,Married,2,15,51
Neha Das,919800000590,54,Female,Chennai,78579,Y,Y,N,Master,Divorced,0,35,1812
Sneha Iyer,919800008732,55,Male,Surat,67369,Y,Y,N,Master,Widow,1,81,1461
Ananya Gupta,919800002315,64,Male,Mumbai,58401,Y,N,N,Graduation,Divorced,1,55,96
Ananya Verma,919800003515,72,Male,Ahmedabad,62307,Y,Y,Y,Graduation,Single,1,94,160
Amit Rao,919800002245,55,Female,Indore,43641,Y,N,Y,Master,Married,2,50,139
Neha Mehta,919800006283,56,Male,Jaipur,63841,Y,Y,Y,Master,Divorced,1,64,908
Rahul Mehta,919800002246,59,Female,Bangalore,46891,Y,N,N,2n Cycle,Married,1,91,183
Riya Mehta,919800006606,55,Female,Delhi,70091,Y,Y,Y,Master,Married,1,11,1161
Rahul Das,919800005545,52,Female,Ahmedabad,78075,Y,Y,N,PhD,Married,0,72,988
Riya Nair,919800007342,63,Female,Chennai,59184,Y,Y,Y,2n Cycle,Widow,1,6,1072
Arjun Khan,919800000837,47,Male,Kochi,54809,Y,N,N,Graduation,Married,2,0,174
Sneha Singh,919800009500,65,Female,Indore,58113,Y,Y,Y,Graduation,Married,1,66,758
Aarav Sharma,919800003602,66,Male,Jaipur,51412,Y,Y,N,Master,Married,1,42,195
Arjun Singh,919800000234,45,Female,Nagpur,15287,Y,N,Y,Graduation,Divorced,1,60,31
Rahul Patel,919800002995,67,Female,Mumbai,66636,Y,Y,N,Master,Together,0,64,1084
Rohan Singh,919800001118,68,Male,Mumbai,50965,Y,Y,Y,Master,Married,1,87,685
Riya Patel,919800007789,59,Male,Lucknow,84618,Y,Y,N,PhD,Married,0,96,1672
Amit Khan,919800003068,34,Male,Kolkata,18351,Y,N,Y,Graduation,Married,0,1,43
Ananya Joshi,919800008955,67,Female,Kochi,40451,Y,N,Y,PhD,Together,2,54,49
Kabir Nair,919800000945,59,Male,Kolkata,36317,Y,Y,Y,Graduation,Together,1,53,133
Pooja Gupta,919800005644,67,Male,Nagpur,42213,Y,Y,Y,Graduation,Together,1,96,363
Arjun Singh,919800007192,69,Female,Indore,65748,Y,N,N,Graduation,Together,1,58,545
Riya Iyer,919800002324,52,Male,Surat,77044,Y,Y,N,Graduation,Together,1,12,1065
Amit Singh,919800000697,55,Male,Nagpur,74918,Y,Y,N,Graduation,Together,0,78,2047
Pooja Iyer,919800003439,52,Male,Hyderabad,56721,Y,Y,Y,Graduation,Married,2,64,296
Rahul Rao,919800001506,49,Male,Bangalore,42160,Y,N,Y,Graduation,Single,2,26,140
Aisha Joshi,919800000232,59,Male,Kochi,61559,Y,Y,N,Graduation,Single,1,8,530
Aisha Sharma,919800008876,61,Female,Kolkata,33629,Y,Y,Y,PhD,Together,2,49,152
Neha Joshi,919800004500,33,Male,Chennai,68682,Y,Y,N,PhD,Together,0,56,1598
Aisha Singh,919800009739,61,Male,Lucknow,34377,Y,N,Y,Graduation,Single,1,55,114
Rohan Singh,919800010395,38,Female,Delhi,8940,Y,Y,Y,Basic,Single,1,25,101
Riya Iyer,919800001176,51,Female,Pune,26228,Y,N,Y,Graduation,Married,1,50,25
Arjun Rao,919800001627,67,Female,Chennai,77297,Y,Y,N,2n Cycle,Divorced,0,84,789
Diya Reddy,919800000938,43,Female,Jaipur,40211,Y,N,Y,Graduation,Married,2,30,87
Priya Mehta,919800002740,66,Male,Nagpur,33438,Y,N,Y,PhD,Widow,2,81,90
Rohan Sharma,919800000257,65,Male,Chennai,75032,Y,Y,N,PhD,Married,1,74,1215
Pooja Singh,919800004058,69,Female,Nagpur,61284,Y,Y,Y,PhD,Single,0,76,811
Aditya Nair,919800007736,38,Female,Pune,22518,Y,N,Y,Graduation,Married,1,36,61
Arjun Khan,919800008210,49,Female,Surat,54730,Y,Y,N,Master,Married,1,64,405
Diya Nair,919800000833,69,Female,Nagpur,38452,Y,Y,Y,Master,Married,2,62,72
Aarav Sharma,919800006230,53,Female,Pune,44421,Y,Y,Y,Graduation,Divorced,2,53,189
Meera Iyer,919800007325,38,Female,Hyderabad,38197,Y,N,Y,PhD,Together,1,86,40
Aditya Khan,919800001307,46,Male,Nagpur,41986,Y,Y,N,Graduation,Divorced,1,15,63
Meera Mehta,919800001502,41,Female,Surat,28427,Y,N,Y,Graduation,Together,1,67,52
Diya Nair,919800006211,48,Male,Kochi,37395,Y,N,Y,PhD,Together,1,47,39
Ananya Joshi,919800000843,53,Male,Nagpur,64722,Y,Y,Y,Graduation,Married,1,47,805
Arjun Gupta,919800004174,68,Female,Kolkata,55249,Y,N,N,Master,Together,1,81,130
Arjun Singh,919800009757,52,Female,Pune,84906,Y,Y,N,Graduation,Together,0,98,1631
Ananya Joshi,919800006918,35,Male,Jaipur,28691,Y,N,Y,Graduation,Married,1,56,34
Rahul Gupta,919800000286,72,Female,Bangalore,44213,Y,N,Y,Graduation,Single,2,48,152
Ishaan Iyer,919800011086,40,Male,Kolkata,25707,Y,N,Y,Basic,Single,1,18,21
Aditya Khan,919800001921,57,Male,Surat,59062,Y,N,N,PhD,Married,3,74,71
Amit Mehta,919800004138,62,Male,Lucknow,76624,Y,Y,N,Graduation,Single,1,68,899
Priya Gupta,919800007718,77,Male,Lucknow,66000,Y,N,N,Master,Together,0,36,711
Riya Rao,919800001291,46,Male,Bangalore,27683,Y,Y,Y,PhD,Together,1,90,351
Kabir Mehta,919800006862,53,Male,Jaipur,1730,Y,N,Y,Graduation,Divorced,0,65,8
Diya Nair,919800004136,32,Male,Indore,7500,Y,Y,Y,Basic,Single,1,63,119
Arjun Nair,919800000803,56,Male,Kochi,40521,Y,N,Y,Graduation,Together,2,82,21
Arjun Das,919800004298,51,Female,Indore,20427,Y,N,Y,PhD,Together,1,63,10
Aditya Rao,919800010833,49,Female,Lucknow,65106,Y,Y,Y,Graduation,Married,1,55,973
Ishaan Reddy,919800009606,59,Female,Delhi,69969,Y,Y,N,PhD,Married,0,64,1536
Neha Mehta,919800008534,72,Male,Pune,67433,Y,Y,N,Graduation,Married,2,51,992
Aarav Joshi,919800005153,57,Male,Delhi,77766,Y,Y,Y,PhD,Married,1,97,1529
Rohan Reddy,919800000961,52,Male,Ahmedabad,74716,Y,Y,N,Graduation,Married,1,92,860
Saanvi Singh,919800005011,61,Female,Jaipur,68118,Y,Y,Y,Graduation,Divorced,1,51,928
Vivaan Singh,919800006653,54,Male,Mumbai,55158,Y,Y,Y,PhD,Married,2,72,418
Pooja Singh,919800009094,69,Male,Ahmedabad,62972,Y,Y,Y,2n Cycle,Married,1,39,587
Kabir Nair,919800000810,49,Female,Pune,74190,Y,Y,N,Graduation,Married,1,49,641
Rahul Das,919800005493,48,Male,Hyderabad,39356,Y,N,Y,Graduation,Married,2,21,23
Pooja Rao,919800002147,55,Male,Chennai,76653,Y,Y,N,Graduation,Together,0,91,2279
Amit Khan,919800005107,51,Male,Hyderabad,35860,Y,N,Y,PhD,Divorced,2,37,49
Ananya Sharma,919800003979,41,Female,Kolkata,90687,Y,Y,N,PhD,Divorced,0,98,1779
Neha Verma,919800006049,42,Female,Indore,73450,Y,Y,N,Master,Together,0,85,1804
Aditya Das,919800008147,64,Male,Kolkata,31454,Y,N,Y,Graduation,Married,2,40,48
Arjun Khan,919800001857,72,Female,Hyderabad,47139,Y,N,Y,Graduation,Single,2,2,83
Vivaan Rao,919800003910,49,Female,Jaipur,83829,Y,Y,N,Graduation,Divorced,0,78,1862
Rohan Mehta,919800005207,61,Female,Delhi,53378,Y,Y,Y,PhD,Married,2,41,793
Sneha Das,919800011114,54,Male,Kolkata,19656,Y,N,Y,Graduation,Together,1,94,84
Karan Mehta,919800005429,76,Female,Hyderabad,45579,Y,Y,Y,PhD,Married,1,10,183
Rohan Das,919800009400,66,Male,Delhi,85485,Y,Y,N,2n Cycle,Single,0,73,1383
Arjun Patel,919800001740,80,Female,Nagpur,55956,Y,Y,N,Graduation,Married,0,22,999
Ishaan Verma,919800007488,61,Male,Ahmedabad,64191,Y,Y,N,Master,Single,1,30,825
Ishaan Rao,919800000195,52,Male,Nagpur,38808,Y,Y,Y,Graduation,Single,1,21,246
Riya Reddy,919800000635,58,Female,Indore,57183,Y,Y,Y,Master,Married,2,51,610
Aarav Joshi,919800007527,56,Male,Delhi,23748,Y,N,Y,Master,Divorced,1,97,76
Neha Reddy,919800010319,53,Female,Mumbai,66303,Y,Y,Y,Graduation,Married,1,56,1286
Pooja Nair,919800002296,49,Female,Kochi,37368,Y,N,Y,Master,Married,1,4,30
Ananya Das,919800010637,60,Female,Pune,40800,Y,Y,Y,Graduation,Married,3,77,99
Aisha Verma,919800002931,46,Male,Indore,71847,Y,Y,N,Graduation,Divorced,0,95,1192
Ananya Joshi,919800000907,49,Female,Kolkata,46149,Y,Y,Y,Graduation,Married,1,36,362
Aarav Rao,919800003698,41,Female,Nagpur,78687,Y,Y,N,Graduation,Together,0,13,2130
Diya Iyer,919800009516,53,Male,Surat,49118,Y,Y,Y,2n Cycle,Divorced,0,90,1229
Saanvi Iyer,919800000679,67,Female,Ahmedabad,37633,Y,N,Y,PhD,Married,2,49,38
Aditya Iyer,919800007384,73,Female,Ahmedabad,39767,Y,Y,Y,Master,Together,0,18,485
Saanvi Verma,919800005043,73,Female,Jaipur,26997,Y,Y,Y,Basic,Married,0,89,434
Arjun Reddy,919800005267,54,Female,Chennai,33986,Y,N,Y,Graduation,Divorced,1,43,44
Aarav Reddy,919800000339,52,Female,Surat,57091,Y,Y,Y,PhD,Married,1,82,496
Rahul Gupta,919800002516,55,Female,Bangalore,46831,Y,N,N,2n Cycle,Married,2,84,78
Priya Patel,919800009010,52,Male,Mumbai,83151,Y,Y,N,Master,Married,0,80,2346
Diya Reddy,919800000378,53,Female,Mumbai,52531,Y,Y,Y,Graduation,Married,0,68,794
Aarav Rao,919800004808,68,Male,Ahmedabad,15759,Y,N,Y,Graduation,Married,0,12,17
Vivaan Reddy,919800005068,53,Male,Surat,22804,Y,N,Y,Graduation,Single,1,75,26
Rohan Iyer,919800007628,51,Female,Ahmedabad,43050,Y,N,Y,2n Cycle,Married,1,10,76
Ishaan Sharma,919800007128,47,Male,Hyderabad,42997,Y,N,Y,PhD,Single,2,91,15
Neha Gupta,919800002811,61,Male,Delhi,48918,Y,N,N,PhD,Single,2,21,62
Amit Patel,919800003551,70,Male,Ahmedabad,60033,Y,N,N,Master,Together,1,28,198
Karan Das,919800001663,46,Female,Nagpur,34043,Y,N,Y,PhD,Together,1,97,49
Aditya Das,919800005543,58,Male,Surat,57811,Y,Y,Y,Graduation,Together,1,49,802
Sneha Patel,919800001577,78,Female,Kochi,78569,Y,Y,N,Graduation,Married,0,14,1736
Kabir Joshi,919800010641,46,Female,Indore,7500,Y,N,Y,Graduation,Single,2,5,57
Sneha Das,919800005336,53,Male,Delhi,157733,Y,N,N,Master,Together,1,37,59
Sneha Das,919800006024,71,Female,Delhi,94384,Y,Y,N,Graduation,Together,0,62,2302
Kabir Rao,919800001878,39,Male,Mumbai,23148,Y,N,Y,2n Cycle,Married,0,83,37
Arjun Das,919800003099,54,Male,Kochi,44267,Y,Y,Y,Graduation,Divorced,2,48,310
Vivaan Reddy,919800006055,45,Male,Hyderabad,71626,Y,Y,N,Graduation,Married,0,94,1305
Aarav Sharma,919800005841,58,Female,Mumbai,60894,Y,Y,Y,Graduation,Together,1,61,832
Arjun Reddy,919800003972,48,Male,Nagpur,50200,Y,Y,Y,Graduation,Together,2,70,401
Vivaan Khan,919800004394,59,Female,Chennai,81051,Y,Y,N,PhD,Married,0,43,1501
Vivaan Patel,919800005758,42,Female,Mumbai,65169,Y,Y,Y,Graduation,Married,0,23,1189
Sneha Rao,919800006658,52,Male,Nagpur,59868,Y,Y,Y,Graduation,Together,1,37,1194
Diya Patel,919800004603,64,Male,Nagpur,65695,Y,Y,N,PhD,Married,1,50,656
Rahul Patel,919800008427,68,Female,Delhi,64857,Y,Y,N,Master,Single,0,78,1540
Rahul Rao,919800010260,59,Female,Mumbai,45143,Y,Y,Y,Master,Together,1,74,311
Aditya Sharma,919800007143,69,Male,Jaipur,74805,Y,Y,N,2n Cycle,Together,1,14,820
Pooja Das,919800008789,35,Male,Indore,59060,Y,Y,N,2n Cycle,Married,1,77,274
Vivaan Mehta,919800006197,62,Female,Ahmedabad,27238,Y,Y,Y,PhD,Single,2,39,57
Arjun Mehta,919800004554,59,Male,Jaipur,47009,Y,Y,N,Graduation,Together,1,89,448
Ishaan Sharma,919800004937,51,Male,Surat,46094,Y,N,Y,2n Cycle,Married,2,62,44
Rahul Rao,919800001920,52,Female,Hyderabad,40321,Y,Y,Y,Graduation,Married,2,59,102
Diya Joshi,919800008749,40,Male,Kochi,37235,Y,N,N,Graduation,Together,1,68,61
Priya Verma,919800001650,64,Male,Jaipur,81843,Y,Y,N,Master,Married,0,13,1643
Rahul Iyer,919800010377,66,Male,Delhi,46692,Y,Y,Y,Master,Together,1,37,397
Kabir Verma,919800009206,56,Male,Pune,77382,Y,Y,N,Graduation,Together,1,36,1121
Riya Nair,919800010971,47,Female,Nagpur,37774,Y,Y,Y,Graduation,Single,2,28,473
Aisha Patel,919800006398,50,Female,Lucknow,18393,Y,Y,Y,Basic,Married,1,2,50
Amit Iyer,919800009212,62,Male,Mumbai,72828,Y,Y,Y,Master,Married,1,17,1678
Aditya Verma,919800007937,42,Male,Delhi,24711,Y,Y,Y,Graduation,Married,0,86,58
Meera Reddy,919800000839,49,Female,Ahmedabad,45503,Y,Y,Y,PhD,Married,1,54,170
Priya Das,919800004246,42,Male,Nagpur,6560,Y,N,Y,Master,Single,0,2,373
Aditya Sharma,919800000158,79,Male,Indore,71604,Y,Y,N,PhD,Together,0,3,1196
Aarav Mehta,919800004832,45,Male,Surat,27244,Y,N,Y,Graduation,Married,1,84,101
Priya Rao,919800005621,55,Male,Bangalore,48752,Y,Y,Y,Graduation,Married,2,8,316
Meera Nair,919800001945,62,Female,Chennai,71434,Y,Y,N,Graduation,Married,1,4,1400
Saanvi Nair,919800005147,76,Female,Surat,90842,Y,Y,N,Graduation,Single,0,57,1424
Neha Sharma,919800002535,46,Female,Kolkata,88097,Y,Y,Y,Master,Married,1,24,844
Diya Patel,919800011039,49,Female,Bangalore,51948,Y,Y,Y,Graduation,Married,1,51,311
Sneha Rao,919800009495,42,Female,Chennai,71853,Y,N,N,Graduation,Together,0,29,1149
Kabir Sharma,919800009635,41,Female,Jaipur,35876,Y,Y,Y,Master,Married,0,13,129
Aarav Iyer,919800002173,72,Male,Jaipur,40049,Y,N,Y,Graduation,Widow,1,23,32
Neha Iyer,919800000942,42,Male,Nagpur,39660,Y,Y,Y,Graduation,Single,1,36,299
Kabir Iyer,919800009386,62,Male,Jaipur,50127,Y,Y,Y,Graduation,Together,1,88,320
Ananya Verma,919800005510,47,Male,Surat,43263,Y,Y,Y,Master,Married,1,2,441
Rohan Gupta,919800000873,75,Female,Pune,62845,Y,Y,Y,Master,Married,2,3,1178
Aditya Khan,919800002253,34,Male,Ahmedabad,18929,Y,N,Y,Graduation,Married,0,15,85
Ananya Reddy,919800005181,42,Male,Kochi,24367,Y,N,Y,Basic,Single,1,58,24
Pooja Reddy,919800000979,49,Female,Jaipur,33249,Y,N,Y,Graduation,Single,1,11,112
Aditya Mehta,919800010390,65,Male,Hyderabad,26887,Y,N,Y,2n Cycle,Married,1,27,30
Aisha Rao,919800004698,41,Male,Indore,50150,Y,Y,Y,PhD,Married,0,32,410
Riya Gupta,919800007793,48,Male,Bangalore,62061,Y,Y,Y,Graduation,Together,1,12,800
Meera Singh,919800001745,62,Male,Indore,85696,Y,Y,N,PhD,Divorced,0,88,1313
Aisha Rao,919800010590,68,Female,Hyderabad,76542,Y,Y,N,PhD,Together,0,91,1483
Rohan Nair,919800005080,31,Male,Delhi,70515,Y,Y,N,Graduation,Single,0,12,1258
Ishaan Mehta,919800008369,37,Female,Lucknow,18227,Y,N,Y,Graduation,Together,1,21,28
Amit Patel,919800005232,59,Male,Lucknow,69139,Y,Y,N,Graduation,Married,1,23,227
Aditya Joshi,919800002407,42,Female,Chennai,69109,Y,Y,N,Graduation,Married,0,10,1555
Aditya Verma,919800003834,62,Male,Jaipur,69627,Y,Y,Y,Graduation,Single,1,35,861
Aarav Verma,919800007912,46,Female,Delhi,38136,Y,Y,Y,Graduation,Married,1,69,103
Saanvi Khan,919800007712,78,Male,Indore,62159,Y,Y,N,PhD,Single,0,68,634
Sneha Mehta,919800001065,61,Female,Nagpur,80695,Y,Y,N,Graduation,Single,0,85,1918
Karan Patel,919800007275,53,Male,Chennai,33316,Y,N,Y,Master,Single,2,34,131
Aisha Gupta,919800001343,56,Female,Indore,58554,Y,Y,Y,Graduation,Together,2,55,586
Ananya Singh,919800001384,32,Male,Surat,17256,Y,N,Y,Basic,Married,1,10,62
Karan Iyer,919800009967,50,Female,Surat,53034,Y,Y,Y,Graduation,Divorced,2,30,447
Ishaan Sharma,919800006181,74,Female,Surat,52203,Y,Y,Y,2n Cycle,Together,0,36,939
Kabir Verma,919800010507,47,Male,Nagpur,59601,Y,N,Y,2n Cycle,Divorced,1,14,797
Neha Mehta,919800002674,66,Female,Chennai,75154,Y,Y,N,Master,Single,1,79,1143
Meera Sharma,919800002698,48,Male,Delhi,47025,Y,Y,Y,Graduation,Single,1,52,415
Aditya Patel,919800003231,51,Female,Kochi,37971,Y,N,Y,Graduation,Married,1,97,30
Riya Patel,919800004096,56,Male,Bangalore,41335,Y,Y,Y,Master,Divorced,1,24,187
Sneha Verma,919800010476,66,Male,Kolkata,67267,Y,Y,N,Graduation,Married,1,0,251
Riya Mehta,919800005948,49,Male,Lucknow,57338,Y,Y,Y,Graduation,Single,1,96,237
Amit Reddy,919800009140,64,Male,Delhi,50523,Y,N,Y,2n Cycle,Together,2,89,91
Aisha Sharma,919800010258,59,Female,Surat,35791,Y,N,Y,Master,Single,3,94,35
Saanvi Iyer,919800005675,64,Female,Jaipur,50611,Y,Y,Y,PhD,Divorced,1,98,493
Ananya Patel,919800004743,55,Female,Nagpur,56242,Y,Y,Y,PhD,Married,1,72,971
Riya Iyer,919800008805,64,Female,Bangalore,48904,Y,Y,Y,Graduation,Single,1,1,371
Rahul Mehta,919800001542,49,Male,Surat,56243,Y,Y,Y,Graduation,Single,3,26,396
Kabir Rao,919800006770,39,Male,Chennai,21355,Y,N,Y,Graduation,Married,1,5,68
Arjun Rao,919800008773,53,Male,Hyderabad,57420,Y,Y,Y,Master,Together,1,22,322
Ishaan Reddy,919800010420,69,Female,Surat,46390,Y,Y,Y,Master,Divorced,1,56,222
Neha Reddy,919800007514,68,Female,Chennai,54342,Y,Y,Y,2n Cycle,Together,2,74,177
Aarav Sharma,919800000793,51,Male,Kochi,20895,Y,N,Y,Graduation,Married,1,24,45
Arjun Iyer,919800010909,76,Male,Chennai,92344,Y,Y,N,Graduation,Married,0,9,1899
Aarav Singh,919800008702,48,Female,Ahmedabad,26907,Y,N,Y,2n Cycle,Together,2,10,22
Diya Verma,919800004791,44,Female,Jaipur,44964,Y,N,Y,Graduation,Together,2,35,41
Sneha Verma,919800002963,45,Female,Delhi,75507,Y,Y,N,Graduation,Together,0,56,1440
Sneha Singh,919800008216,52,Male,Hyderabad,53761,Y,Y,Y,Master,Married,2,7,325
Priya Singh,919800008140,51,Male,Delhi,22682,Y,N,N,Graduation,Together,1,51,95
Ishaan Verma,919800010146,52,Female,Pune,38887,Y,N,Y,PhD,Together,1,17,42
Karan Singh,919800005289,49,Male,Pune,41658,Y,N,N,2n Cycle,Single,2,30,72
Pooja Sharma,919800002587,52,Male,Jaipur,29791,Y,N,Y,PhD,Married,1,21,20
Kabir Singh,919800004405,68,Male,Lucknow,63915,Y,Y,Y,Master,Married,2,2,789
Meera Gupta,919800008663,50,Male,Mumbai,39996,Y,N,Y,Graduation,Divorced,2,85,15
Priya Khan,919800002589,52,Male,Hyderabad,26759,Y,N,Y,Graduation,Divorced,1,65,59
Rahul Patel,919800003421,56,Female,Hyderabad,63841,Y,Y,Y,Master,Divorced,1,64,908
Diya Verma,919800010490,55,Female,Chennai,51039,Y,Y,Y,PhD,Married,2,11,417
Karan Singh,919800004094,63,Male,Delhi,60544,Y,Y,Y,Graduation,Married,2,92,289
Karan Mehta,919800009958,52,Female,Delhi,65685,Y,Y,Y,Graduation,Married,1,54,769
Ishaan Nair,919800002534,71,Female,Delhi,37716,Y,Y,Y,Graduation,Married,1,4,188
Diya Joshi,919800004188,67,Female,Ahmedabad,36864,Y,Y,Y,Graduation,Single,1,53,354
Riya Patel,919800006613,54,Male,Kochi,44511,Y,Y,Y,Master,Married,1,39,727
Rahul Sharma,919800010827,57,Female,Kochi,36947,Y,Y,Y,PhD,Married,2,49,146
Vivaan Khan,919800005491,73,Male,Nagpur,47352,Y,Y,Y,Master,Together,1,70,319
Sneha Mehta,919800008402,71,Male,Kochi,67087,Y,Y,N,Master,Married,1,40,794
Neha Patel,919800008783,74,Female,Nagpur,57045,Y,Y,N,Graduation,Married,1,40,454
Rohan Joshi,919800010010,71,Male,Surat,36957,Y,Y,Y,PhD,Divorced,2,43,152
Neha Mehta,919800000618,47,Male,Indore,69389,Y,Y,N,PhD,Married,1,17,797
Kabir Sharma,919800009121,52,Female,Indore,80134,Y,Y,Y,Graduation,Married,1,40,1690
Aditya Singh,919800000361,55,Male,Surat,43142,Y,N,Y,Master,Married,2,84,20
Vivaan Nair,919800004310,80,Female,Bangalore,80589,Y,Y,N,Graduation,Married,0,25,1428
Ishaan Nair,919800002678,34,Female,Lucknow,34412,Y,Y,Y,Graduation,Single,1,62,209
Ishaan Verma,919800006376,45,Female,Mumbai,57537,Y,Y,N,Graduation,Single,1,83,545
Ananya Sharma,919800000524,58,Female,Ahmedabad,22634,Y,N,Y,Basic,Together,0,47,96
Kabir Verma,919800010341,76,Female,Pune,51315,Y,N,N,Graduation,Together,0,45,222
Rahul Joshi,919800005654,52,Female,Kochi,36026,Y,N,Y,Graduation,Married,3,34,61
Ishaan Das,919800004098,51,Male,Hyderabad,24639,Y,N,Y,Graduation,Married,2,3,44
Sneha Reddy,919800005824,52,Female,Nagpur,34578,Y,N,Y,PhD,Together,3,1,8
Karan Nair,919800007000,52,Male,Nagpur,65704,Y,N,N,2n Cycle,Single,0,18,817
Rohan Sharma,919800002561,58,Female,Bangalore,63810,Y,Y,Y,Graduation,Single,1,45,1371
Rohan Gupta,919800005229,55,Male,Lucknow,54132,Y,N,Y,PhD,Together,1,81,42
Neha Rao,919800004086,65,Male,Hyderabad,18690,Y,N,Y,Graduation,Married,0,77,60
Aarav Patel,919800002428,54,Female,Lucknow,28164,Y,N,Y,Graduation,Married,1,23,78
Karan Singh,919800008254,50,Female,Bangalore,34596,Y,N,Y,PhD,Married,1,48,23
Riya Reddy,919800002836,52,Male,Chennai,43269,Y,N,Y,PhD,Married,1,61,19
Priya Patel,919800008418,66,Male,Jaipur,38741,Y,N,Y,2n Cycle,Single,2,60,61
Saanvi Das,919800001362,52,Female,Nagpur,31907,Y,Y,Y,Graduation,Single,0,75,449
Vivaan Patel,919800007152,41,Male,Kolkata,27100,Y,N,Y,Master,Married,1,64,37
Ananya Verma,919800010033,51,Female,Nagpur,31163,Y,N,Y,2n Cycle,Divorced,1,54,38
Priya Nair,919800009349,39,Male,Surat,92533,Y,Y,N,Graduation,Married,0,84,1131
Saanvi Joshi,919800000274,51,Female,Indore,34853,Y,N,Y,Graduation,Single,2,75,34
Priya Verma,919800003388,57,Male,Kolkata,70844,Y,Y,Y,Graduation,Divorced,2,16,294
Diya Sharma,919800000922,45,Female,Delhi,31086,Y,N,Y,2n Cycle,Married,2,79,48
Aisha Rao,919800008588,63,Male,Surat,60544,Y,Y,Y,Graduation,Married,2,92,289
Saanvi Gupta,919800002518,38,Male,Jaipur,20491,Y,N,Y,2n Cycle,Together,0,16,30
Arjun Nair,919800000574,60,Male,Ahmedabad,42523,Y,N,N,Graduation,Married,0,96,125
Kabir Singh,919800003220,41,Female,Jaipur,39922,Y,Y,Y,Graduation,Married,1,30,156
Pooja Reddy,919800005967,72,Female,Delhi,33402,Y,N,Y,Graduation,Together,2,60,70
Amit Nair,919800001183,75,Female,Bangalore,36408,Y,N,Y,Master,Married,2,11,22
Riya Mehta,919800006856,45,Male,Kolkata,21645,Y,Y,Y,Graduation,Together,1,75,65
Neha Khan,919800004530,76,Female,Kochi,78427,Y,Y,N,Master,Widow,0,36,1930
Aditya Joshi,919800001553,78,Male,Lucknow,82657,Y,Y,N,Graduation,Together,0,71,2283
Sneha Reddy,919800004682,66,Female,Nagpur,51876,Y,N,N,Graduation,Married,0,88,310
Aarav Singh,919800008204,53,Female,Pune,78041,Y,Y,N,2n Cycle,Married,0,93,1319
Ananya Singh,919800005221,67,Female,Nagpur,52852,Y,Y,Y,Graduation,Married,1,93,879
Kabir Gupta,919800001232,42,Male,Hyderabad,70038,Y,Y,N,PhD,Together,0,54,1244
Pooja Gupta,919800001927,51,Female,Bangalore,69401,Y,Y,N,2n Cycle,Together,1,41,690
Kabir Iyer,919800005788,52,Female,Kolkata,46053,Y,Y,Y,Graduation,Together,1,46,209
Sneha Rao,919800006652,59,Female,Bangalore,77343,Y,Y,N,Graduation,Married,0,28,1134
Kabir Mehta,919800006246,71,Male,Chennai,73892,Y,Y,N,Graduation,Single,0,40,1507
Diya Sharma,919800005975,57,Male,Kolkata,40304,Y,N,Y,PhD,Single,1,82,57
Meera Gupta,919800006875,59,Male,Ahmedabad,32727,Y,Y,Y,PhD,Together,0,38,529
Amit Singh,919800004399,55,Female,Lucknow,68695,Y,Y,N,Graduation,Together,0,3,1091
Pooja Iyer,919800004042,53,Female,Indore,43300,Y,Y,Y,Graduation,Divorced,1,87,180
Priya Iyer,919800002157,52,Male,Nagpur,26290,Y,N,Y,Graduation,Together,2,49,77
Sneha Joshi,919800010133,54,Male,Kochi,93790,Y,Y,N,Graduation,Single,0,16,2349
Ananya Gupta,919800002525,50,Female,Delhi,38410,Y,Y,Y,PhD,Married,0,65,534
Aisha Khan,919800008233,74,Male,Kochi,64866,Y,Y,Y,Master,Widow,1,9,556
Kabir Joshi,919800009483,65,Male,Pune,57957,Y,Y,N,Graduation,Together,1,24,637
Aisha Mehta,919800002945,69,Female,Bangalore,46015,Y,N,Y,PhD,Together,2,25,46
Aditya Das,919800010403,46,Female,Surat,16531,Y,Y,Y,Graduation,Together,1,43,44
Amit Sharma,919800005074,38,Male,Mumbai,28072,Y,N,Y,Master,Married,1,10,47
Meera Khan,919800010524,61,Female,Indore,49476,Y,N,N,Master,Divorced,1,29,795
Pooja Nair,919800004690,71,Male,Delhi,50725,Y,Y,Y,Graduation,Married,1,45,586
Aarav Patel,919800007521,72,Male,Indore,83844,Y,Y,N,Graduation,Together,0,57,1574
Kabir Sharma,919800007196,74,Male,Hyderabad,41145,Y,N,N,PhD,Married,2,20,13
Ananya Nair,919800004406,54,Male,Mumbai,67419,Y,Y,Y,Graduation,Together,1,29,1471
Aarav Verma,919800009672,54,Male,Delhi,23162,Y,N,Y,2n Cycle,Married,2,82,65
Ishaan Patel,919800004864,47,Female,Pune,34380,Y,Y,Y,Graduation,Married,1,68,175
Aditya Khan,919800004706,58,Female,Pune,34704,Y,N,Y,Graduation,Single,1,65,40
Aisha Gupta,919800004070,55,Female,Surat,94871,Y,Y,Y,PhD,Married,2,99,1078
Riya Iyer,919800000025,66,Male,Delhi,65148,Y,Y,N,Graduation,Married,1,9,1115
Riya Patel,919800003697,70,Female,Delhi,39898,Y,Y,Y,Graduation,Together,1,20,134
Aditya Das,919800000217,68,Male,Indore,64857,Y,Y,N,Master,Single,0,78,1540
Riya Patel,919800004220,54,Female,Pune,59892,Y,N,N,PhD,Married,1,26,87
Rahul Singh,919800005286,37,Male,Hyderabad,41020,Y,Y,N,Master,Single,0,68,217
Meera Khan,919800009559,63,Male,Nagpur,57072,Y,Y,Y,PhD,Married,1,79,1034
Saanvi Joshi,919800002849,45,Female,Kolkata,60474,Y,Y,Y,Graduation,Single,1,25,1180
Aisha Joshi,919800007787,64,Male,Hyderabad,62807,Y,Y,Y,Graduation,Together,1,83,819
Aisha Rao,919800003102,43,Male,Nagpur,19414,Y,N,Y,2n Cycle,Together,1,32,32
Sneha Verma,919800005868,44,Male,Lucknow,19107,Y,N,Y,Graduation,Married,1,49,46
Saanvi Reddy,919800008370,48,Female,Nagpur,75484,Y,Y,N,2n Cycle,Together,1,50,1159
Karan Rao,919800009988,48,Male,Lucknow,70379,Y,Y,N,Master,Single,1,84,860
Aditya Mehta,919800002939,54,Female,Lucknow,79419,Y,Y,N,Master,Together,0,96,1631
Priya Patel,919800005529,78,Male,Hyderabad,64014,Y,Y,Y,PhD,Together,3,56,444
Amit Reddy,919800009743,69,Male,Surat,76998,Y,Y,Y,Graduation,Married,1,85,1910
Karan Reddy,919800005763,52,Female,Jaipur,49854,Y,Y,Y,Master,Together,1,63,380
Priya Khan,919800003478,53,Female,Indore,60585,Y,Y,Y,PhD,Married,2,17,736
Vivaan Sharma,919800007494,74,Male,Indore,42873,Y,Y,Y,PhD,Divorced,2,11,269
Aarav Reddy,919800001763,36,Female,Hyderabad,87679,Y,Y,N,Graduation,Together,0,62,2524
Karan Das,919800007250,46,Male,Bangalore,57867,Y,Y,Y,Graduation,Together,1,48,612
Ishaan Nair,919800002005,34,Female,Bangalore,35765,Y,N,Y,Graduation,Married,1,86,75
Ananya Sharma,919800010770,65,Male,Ahmedabad,65492,Y,Y,N,Graduation,Married,0,73,1045
Rohan Joshi,919800006885,47,Female,Kolkata,32952,Y,N,Y,Graduation,Divorced,1,36,55
Rohan Khan,919800002072,55,Female,Mumbai,53374,Y,Y,Y,PhD,Together,1,34,1064
Meera Iyer,919800009463,65,Male,Chennai,71706,Y,Y,Y,Graduation,Together,1,16,1443
Vivaan Iyer,919800006318,36,Male,Bangalore,68487,Y,Y,N,Graduation,Married,0,48,1366
Ananya Mehta,919800004093,49,Male,Ahmedabad,53253,Y,Y,Y,Master,Together,2,61,436
Aarav Reddy,919800005751,51,Female,Delhi,31163,Y,N,Y,2n Cycle,Divorced,1,54,38
Rahul Joshi,919800003340,47,Female,Kochi,42014,Y,Y,Y,Graduation,Married,1,56,436
Sneha Khan,919800003594,51,Female,Nagpur,54108,Y,Y,Y,Master,Married,2,74,747
Aditya Verma,919800003584,69,Male,Lucknow,49667,Y,Y,Y,PhD,Single,0,35,1396
Arjun Gupta,919800003643,50,Female,Delhi,63206,Y,Y,N,Master,Married,0,65,928
Riya Rao,919800000851,52,Male,Ahmedabad,57136,Y,Y,Y,Master,Married,2,48,642
Rohan Singh,919800007706,49,Female,Nagpur,46772,Y,Y,Y,2n Cycle,Together,1,88,1048
Neha Khan,919800003967,53,Female,Nagpur,78931,Y,N,N,PhD,Married,0,19,943
Rohan Das,919800010128,66,Male,Delhi,53977,Y,Y,Y,Graduation,Together,1,21,907
Karan Verma,919800000486,36,Female,Bangalore,84219,Y,Y,N,Graduation,Married,0,27,1198
Vivaan Khan,919800000009,49,Male,Delhi,46098,Y,Y,Y,Master,Single,2,86,120
Karan Mehta,919800009451,59,Male,Chennai,73538,Y,Y,Y,Graduation,Married,1,92,1658
Aditya Rao,919800009264,38,Female,Kolkata,79529,Y,Y,N,Graduation,Married,0,1,1638
Rahul Verma,919800003865,47,Male,Kolkata,20981,Y,Y,Y,2n Cycle,Together,0,14,73
Diya Joshi,919800002853,44,Male,Mumbai,51766,Y,Y,Y,Graduation,Single,1,74,275
Aisha Rao,919800001490,62,Male,Jaipur,55759,Y,Y,Y,Graduation,Married,1,84,854
Diya Joshi,919800006310,46,Male,Pune,33039,Y,N,Y,Graduation,Married,1,4,78
Ananya Khan,919800010380,52,Female,Bangalore,37787,Y,Y,Y,Master,Married,1,50,106
Kabir Patel,919800003887,54,Female,Nagpur,27242,Y,N,Y,Graduation,Single,1,2,106
Priya Joshi,919800004278,41,Female,Pune,87188,Y,Y,N,PhD,Single,0,73,1923
Diya Reddy,919800008643,53,Female,Jaipur,69930,Y,Y,N,Graduation,Together,0,21,1662
Diya Verma,919800001998,48,Female,Indore,37697,Y,N,Y,Graduation,Single,1,82,84
Arjun Singh,919800010795,51,Male,Bangalore,37401,Y,N,Y,PhD,Married,1,14,48
Meera Rao,919800011110,51,Female,Nagpur,3502,Y,N,Y,Graduation,Single,1,56,5
Karan Gupta,919800002408,48,Male,Indore,58597,Y,Y,Y,Graduation,Married,2,20,733
Saanvi Joshi,919800000202,76,Male,Ahmedabad,82032,Y,Y,N,PhD,Widow,0,54,1234
Diya Khan,919800007998,66,Female,Nagpur,28087,Y,N,Y,Graduation,Together,2,77,112
Kabir Sharma,919800000830,37,Female,Jaipur,74004,Y,Y,N,PhD,Single,0,5,1658
Sneha Joshi,919800003536,64,Male,Surat,19740,Y,N,Y,Graduation,Together,1,65,55
Meera Iyer,919800006050,49,Female,Bangalore,57036,Y,Y,Y,2n Cycle,Married,1,33,1513
Rohan Mehta,919800000125,66,Male,Kochi,53083,Y,Y,Y,2n Cycle,Together,2,65,271
Priya Sharma,919800003463,49,Male,Surat,69283,Y,Y,Y,PhD,Married,1,41,904
Kabir Das,919800002804,49,Female,Mumbai,46098,Y,Y,Y,Master,Single,2,86,120
Riya Das,919800003745,36,Male,Mumbai,23331,Y,Y,Y,2n Cycle,Married,1,92,103
Rohan Reddy,919800009771,36,Female,Surat,23331,Y,Y,Y,2n Cycle,Single,1,97,269
Riya Iyer,919800000451,35,Female,Pune,9255,Y,N,Y,Graduation,Single,1,91,22
Meera Iyer,919800010530,65,Female,Kolkata,67786,Y,Y,N,PhD,Widow,0,0,1156
Aisha Verma,919800001079,53,Male,Mumbai,71969,Y,Y,Y,PhD,Married,1,59,1086
Priya Rao,919800008920,57,Male,Surat,59235,Y,Y,Y,Master,Single,1,4,1128
Vivaan Joshi,919800006678,35,Male,Nagpur,31928,Y,Y,Y,Graduation,Together,1,5,72
Saanvi Nair,919800003852,63,Female,Jaipur,74881,Y,Y,Y,Master,Together,2,48,964
Rohan Gupta,919800000528,46,Female,Surat,65819,Y,Y,N,Graduation,Married,0,99,1383
Aisha Patel,919800000073,71,Male,Jaipur,51411,Y,N,Y,PhD,Single,3,81,18
Rohan Mehta,919800005589,60,Male,Pune,51983,Y,Y,Y,Graduation,Divorced,1,95,793
Ananya Iyer,919800010212,38,Male,Surat,42386,Y,Y,Y,Master,Together,1,43,100
Pooja Mehta,919800006365,37,Male,Nagpur,30390,Y,N,Y,2n Cycle,Married,0,5,80
Pooja Singh,919800005636,61,Female,Ahmedabad,30983,Y,Y,Y,Graduation,Single,0,50,167
Karan Rao,919800000591,67,Male,Indore,66033,Y,Y,Y,Graduation,Widow,1,76,677
Rohan Iyer,919800002217,49,Male,Delhi,37284,Y,N,Y,2n Cycle,Married,2,46,23
Diya Verma,919800002544,73,Female,Mumbai,57530,Y,N,N,Master,Divorced,1,68,92
Aarav Reddy,919800007725,59,Female,Delhi,76800,Y,Y,N,2n Cycle,Married,0,33,641
Meera Verma,919800008091,68,Female,Indore,63943,Y,Y,Y,Graduation,Married,1,50,1106
Vivaan Reddy,919800007321,62,Female,Kochi,76081,Y,Y,N,Graduation,Together,0,85,1033
Arjun Nair,919800005462,50,Female,Kolkata,67445,Y,Y,Y,Graduation,Married,1,63,1174
Aisha Mehta,919800007791,57,Female,Pune,37054,Y,N,Y,Master,Married,2,89,25
Neha Joshi,919800000955,62,Female,Indore,47175,Y,Y,Y,Master,Together,2,81,240
Neha Das,919800004037,48,Male,Lucknow,31859,Y,N,Y,Graduation,Divorced,1,77,20
Amit Khan,919800006642,63,Male,Ahmedabad,27215,Y,N,Y,Graduation,Divorced,3,50,102
Karan Gupta,919800002793,48,Male,Kochi,70179,Y,Y,Y,PhD,Divorced,1,10,1034
Kabir Reddy,919800005424,41,Male,Pune,39922,Y,Y,Y,Graduation,Married,1,30,156
Pooja Iyer,919800000879,48,Male,Kochi,49681,Y,Y,Y,Master,Married,2,66,458
Amit Sharma,919800009530,36,Female,Lucknow,24645,Y,N,Y,Graduation,Married,1,16,17
Amit Gupta,919800004828,70,Male,Indore,79865,Y,Y,N,Graduation,Divorced,1,12,792
Saanvi Gupta,919800010699,39,Male,Bangalore,44322,Y,Y,Y,Graduation,Married,1,30,92
Rahul Nair,919800001497,72,Female,Delhi,47958,Y,Y,Y,Graduation,Single,1,8,407
Kabir Rao,919800007476,60,Male,Hyderabad,63972,Y,Y,N,Master,Single,1,93,1269
Neha Joshi,919800004390,70,Female,Bangalore,75315,Y,Y,N,Graduation,Together,1,14,841
Arjun Mehta,919800010478,74,Male,Kolkata,55517,Y,Y,Y,PhD,Married,2,53,633
Ishaan Iyer,919800001081,67,Female,Pune,75283,Y,Y,N,PhD,Married,3,26,1019
Rahul Joshi,919800004261,78,Male,Ahmedabad,82800,Y,Y,N,PhD,Single,0,23,1315
Pooja Rao,919800009916,70,Male,Kochi,38998,Y,N,Y,Graduation,Married,2,92,54
Saanvi Das,919800005350,33,Female,Surat,90638,Y,Y,N,Master,Single,0,29,2525
Pooja Rao,919800008135,38,Male,Bangalore,27161,Y,N,Y,Master,Married,1,41,52
Aarav Mehta,919800008685,47,Male,Surat,42014,Y,Y,Y,Graduation,Married,1,56,436
Amit Iyer,919800004967,64,Male,Mumbai,38201,Y,Y,Y,PhD,Together,1,19,268
Ishaan Khan,919800002130,42,Male,Jaipur,45203,Y,Y,Y,Graduation,Together,2,4,147
Ishaan Khan,919800009298,77,Female,Bangalore,81574,Y,Y,N,PhD,Together,0,89,1798
Pooja Reddy,919800008175,32,Male,Bangalore,34935,Y,N,Y,Graduation,Married,0,71,137
Karan Rao,919800006257,48,Male,Kolkata,60482,Y,Y,Y,Master,Single,1,81,507
Saanvi Das,919800003790,68,Female,Lucknow,34633,Y,N,Y,Graduation,Together,3,31,15
Riya Reddy,919800009952,77,Female,Hyderabad,78093,Y,Y,N,Master,Together,0,53,1105
Rahul Mehta,919800003503,74,Female,Mumbai,82460,Y,Y,N,Graduation,Divorced,0,78,974
Aditya Rao,919800005223,58,Male,Nagpur,45903,Y,N,N,Master,Together,1,80,66
Rohan Joshi,919800004608,37,Male,Indore,81361,Y,Y,N,Graduation,Divorced,0,18,778
Kabir Khan,919800001626,51,Female,Hyderabad,35860,Y,N,Y,PhD,Divorced,2,37,49
Rahul Patel,919800004764,72,Male,Lucknow,40442,Y,Y,Y,Master,Together,2,52,169
Ananya Reddy,919800002471,59,Male,Indore,61482,Y,Y,N,Graduation,Married,0,39,299
Karan Joshi,919800005892,44,Male,Chennai,34968,Y,Y,Y,Graduation,Married,1,11,221
Priya Khan,919800002612,37,Male,Ahmedabad,75794,Y,Y,N,Graduation,Married,0,33,1682
Aarav Singh,919800004971,62,Male,Surat,31497,Y,Y,Y,PhD,Together,1,22,155
Aditya Rao,919800005185,69,Female,Bangalore,74268,Y,Y,N,Graduation,Married,0,83,892
Rohan Singh,919800010069,36,Male,Kochi,13724,Y,N,Y,Basic,Together,1,43,58
Ishaan Khan,919800002262,59,Female,Kolkata,45143,Y,Y,Y,Master,Together,1,74,311
Kabir Reddy,919800001131,57,Male,Bangalore,52569,Y,N,N,PhD,Single,1,54,95
Priya Iyer,919800001041,51,Female,Chennai,48432,Y,Y,Y,PhD,Single,1,3,424
Aisha Patel,919800000024,64,Male,Ahmedabad,17144,Y,Y,Y,Master,Together,2,96,47
Aditya Patel,919800003409,40,Male,Lucknow,36108,Y,Y,Y,Graduation,Single,1,68,339
Rohan Verma,919800007022,53,Female,Bangalore,76445,Y,N,Y,Graduation,Married,1,2,1410
Priya Singh,919800007943,49,Female,Nagpur,36663,Y,N,N,PhD,Married,1,40,35
Amit Singh,919800005272,59,Female,Chennai,53843,Y,Y,Y,Master,Married,1,64,562
Sneha Khan,919800005453,68,Male,Ahmedabad,90226,Y,Y,N,Master,Married,0,26,2352
Amit Khan,919800002565,69,Male,Jaipur,70638,Y,Y,N,Master,Divorced,0,69,1334
Ananya Reddy,919800000800,64,Male,Pune,44512,Y,N,N,Graduation,Together,2,57,32
Arjun Verma,919800011092,63,Female,Delhi,27116,Y,N,Y,Graduation,Married,2,78,41
Neha Joshi,919800005062,61,Female,Pune,54072,Y,N,Y,PhD,Married,2,71,39
Neha Joshi,919800008969,47,Female,Kochi,71855,Y,Y,N,Graduation,Married,1,59,1141
Saanvi Singh,919800004656,34,Male,Mumbai,51250,Y,Y,Y,2n Cycle,Single,1,28,710
Sneha Iyer,919800004480,51,Female,Kolkata,60432,Y,Y,Y,Master,Married,1,61,401
Meera Nair,919800009971,60,Male,Jaipur,65526,Y,Y,N,PhD,Married,1,22,506
Aarav Mehta,919800006729,36,Male,Kochi,68655,Y,Y,N,Graduation,Single,0,95,1538
Neha Mehta,919800001773,46,Female,Nagpur,12393,Y,N,Y,2n Cycle,Married,0,38,57
Rohan Das,919800009242,34,Male,Pune,64509,Y,Y,N,Graduation,Single,0,19,1722
Ananya Khan,919800001764,49,Female,Kochi,33955,Y,Y,Y,Graduation,Single,1,92,270
Ananya Nair,919800006215,47,Male,Bangalore,31353,Y,N,Y,Graduation,Married,2,24,31
Aarav Das,919800010099,40,Female,Nagpur,55434,Y,Y,N,Graduation,Married,1,21,882
Sneha Singh,919800005423,41,Female,Chennai,28359,Y,N,Y,Graduation,Together,1,35,16
Neha Khan,919800000940,37,Male,Pune,57100,Y,Y,N,Graduation,Single,1,9,311
Pooja Khan,919800003011,59,Female,Kochi,69139,Y,Y,N,Graduation,Married,1,23,227
Sneha Verma,919800003298,68,Female,Chennai,52973,Y,Y,Y,Master,Married,1,92,1152
Arjun Das,919800008286,59,Female,Mumbai,51717,Y,Y,Y,PhD,Together,1,55,122
Neha Rao,919800009668,53,Female,Delhi,18793,Y,N,Y,Graduation,Married,1,14,77
Neha Rao,919800005120,42,Male,Chennai,66664,Y,Y,N,2n Cycle,Together,0,78,1289
Rohan Nair,919800006097,65,Female,Bangalore,50664,Y,Y,Y,Graduation,Single,2,64,561
Arjun Sharma,919800007019,61,Male,Hyderabad,54414,Y,Y,N,Graduation,Together,2,49,211
Ishaan Sharma,919800007408,72,Male,Bangalore,54549,Y,Y,Y,PhD,Married,1,8,233
Aisha Reddy,919800008041,53,Male,Mumbai,47111,Y,Y,Y,PhD,Widow,1,35,1092
Priya Nair,919800000252,61,Male,Indore,41003,Y,Y,Y,PhD,Divorced,0,11,601
Diya Patel,919800009986,42,Male,Nagpur,19444,Y,Y,Y,Graduation,Together,1,8,54
Saanvi Gupta,919800003276,48,Male,Mumbai,36301,Y,Y,Y,2n Cycle,Together,1,53,78
Sneha Joshi,919800003859,77,Female,Kolkata,73059,Y,Y,N,PhD,Together,1,36,1095
Aditya Mehta,919800003570,55,Male,Lucknow,42731,Y,Y,Y,PhD,Together,1,64,244
Saanvi Nair,919800003783,65,Male,Delhi,52854,Y,N,Y,PhD,Married,2,43,116
Vivaan Patel,919800010207,46,Male,Mumbai,22775,Y,N,Y,Graduation,Together,1,40,15
Aarav Iyer,919800010906,76,Male,Delhi,46681,Y,Y,Y,PhD,Together,2,52,425
Karan Patel,919800003427,69,Male,Bangalore,59821,Y,Y,Y,PhD,Married,1,11,734
Ishaan Das,919800005209,70,Female,Kochi,50002,Y,Y,Y,Graduation,Divorced,1,21,638
Ishaan Iyer,919800010711,79,Male,Surat,69755,Y,Y,N,Graduation,Married,0,23,894
Priya Iyer,919800010785,55,Female,Kolkata,44078,Y,N,Y,Graduation,Married,2,17,41
Riya Singh,919800002814,48,Male,Ahmedabad,30560,Y,N,Y,Master,Together,1,6,31
Aarav Mehta,919800006866,55,Male,Bangalore,35924,Y,N,Y,Master,Together,2,56,34
Ananya Patel,919800001665,60,Female,Kochi,64140,Y,N,Y,PhD,Divorced,2,71,1750
Vivaan Singh,919800006575,43,Male,Nagpur,56386,Y,Y,Y,Graduation,Together,2,51,612
Karan Khan,919800003829,45,Male,Ahmedabad,24594,Y,N,Y,Basic,Together,1,94,29
Karan Sharma,919800003091,43,Female,Kochi,75774,Y,Y,N,2n Cycle,Together,1,27,823
Arjun Khan,919800010141,64,Male,Surat,39228,Y,N,N,Master,Divorced,0,1,20
Vivaan Rao,919800005177,50,Male,Ahmedabad,58494,Y,Y,Y,Master,Married,1,56,396
Ananya Joshi,919800007005,43,Female,Bangalore,58684,Y,Y,N,Graduation,Single,0,71,813
Aarav Khan,919800006409,57,Male,Surat,57136,Y,Y,Y,Graduation,Divorced,0,18,1179
Neha Gupta,919800007485,74,Male,Lucknow,56551,Y,N,N,PhD,Widow,2,48,138
Arjun Joshi,919800008079,42,Female,Pune,22448,Y,N,N,Graduation,Married,1,86,55
Sneha Das,919800008395,63,Male,Pune,82014,Y,Y,Y,Graduation,Single,0,48,1511
Arjun Reddy,919800010352,61,Female,Hyderabad,34213,Y,Y,Y,Graduation,Widow,2,2,117
Meera Sharma,919800004931,47,Female,Pune,157146,Y,N,N,Graduation,Together,0,13,1730
Pooja Nair,919800000013,77,Female,Bangalore,25358,Y,N,Y,PhD,Widow,1,57,32
Amit Khan,919800001834,46,Female,Chennai,35544,Y,N,Y,Master,Single,1,77,67
Aditya Singh,919800002285,70,Male,Bangalore,36634,Y,Y,Y,Master,Together,1,0,335
Priya Rao,919800002295,70,Male,Lucknow,62670,Y,Y,N,PhD,Married,1,57,825
Priya Nair,919800001378,52,Female,Indore,50334,Y,Y,Y,2n Cycle,Together,1,24,694
Aarav Verma,919800002781,43,Male,Delhi,72066,Y,Y,N,Graduation,Single,0,55,1792
Arjun Nair,919800001165,66,Male,Lucknow,50729,Y,Y,Y,PhD,Single,2,62,496
Priya Singh,919800001404,56,Female,Delhi,34916,Y,Y,Y,Graduation,Together,2,89,231
Karan Mehta,919800006457,48,Female,Delhi,64892,Y,Y,N,Graduation,Divorced,1,77,902
Vivaan Singh,919800002639,58,Female,Hyderabad,43602,Y,Y,Y,Graduation,Single,2,45,68
Aditya Mehta,919800008299,35,Female,Chennai,33996,Y,N,N,PhD,Single,0,46,71
Neha Reddy,919800006437,39,Female,Nagpur,41473,Y,N,Y,2n Cycle,Single,1,80,76
Amit Joshi,919800006912,57,Female,Ahmedabad,63246,Y,Y,N,PhD,Married,2,60,772
Rohan Gupta,919800007327,65,Female,Delhi,36732,Y,N,N,PhD,Married,2,71,47
Vivaan Joshi,919800005299,54,Male,Nagpur,69084,Y,Y,Y,PhD,Married,1,43,1586
Aisha Sharma,919800004127,57,Male,Pune,77766,Y,Y,Y,PhD,Married,1,97,1529
Arjun Reddy,919800008143,39,Female,Surat,37929,Y,Y,Y,PhD,Single,0,49,265
Rahul Sharma,919800001964,73,Female,Ahmedabad,86610,Y,Y,N,Graduation,Together,0,66,1603
Aarav Verma,919800003690,38,Male,Surat,80141,Y,Y,Y,Master,Married,0,20,2091
Vivaan Reddy,919800003433,69,Female,Lucknow,72635,Y,Y,N,2n Cycle,Married,0,54,981
Sneha Joshi,919800003389,54,Male,Indore,69016,Y,Y,Y,Graduation,Married,1,61,1533
Aisha Iyer,919800004712,33,Male,Bangalore,20193,Y,N,N,2n Cycle,Together,0,18,82
Diya Mehta,919800001170,49,Male,Surat,27573,Y,Y,Y,Graduation,Married,1,45,244
Rahul Nair,919800006347,45,Female,Bangalore,15862,Y,N,Y,Basic,Single,1,26,36
Ananya Reddy,919800004065,48,Female,Surat,49544,Y,Y,Y,PhD,Married,1,0,404
Kabir Nair,919800008230,44,Female,Mumbai,33228,Y,N,Y,Graduation,Married,1,28,71
Kabir Patel,919800001215,46,Female,Nagpur,70440,Y,Y,N,Graduation,Together,0,49,1572
Aditya Mehta,919800005939,53,Female,Jaipur,38232,Y,Y,Y,Graduation,Together,2,84,122
Meera Singh,919800002156,69,Male,Delhi,22554,Y,N,Y,PhD,Married,2,38,41
Priya Singh,919800007788,41,Female,Kochi,23536,Y,N,N,PhD,Married,1,53,10
Vivaan Joshi,919800010323,72,Female,Hyderabad,49413,Y,Y,Y,Graduation,Married,1,88,304
Karan Singh,919800007947,55,Male,Chennai,42231,Y,N,Y,Graduation,Married,2,99,37
Ananya Khan,919800001891,44,Male,Jaipur,78789,Y,Y,N,Master,Divorced,0,12,1754
Rohan Gupta,919800002570,56,Male,Bangalore,56534,Y,Y,Y,Graduation,Together,1,35,815
Sneha Singh,919800009256,53,Female,Chennai,58350,Y,Y,Y,Graduation,Single,1,5,1001
Amit Iyer,919800000295,35,Male,Jaipur,81217,Y,Y,N,Graduation,Single,0,77,1157
Sneha Rao,919800007397,73,Female,Bangalore,49090,Y,Y,Y,Graduation,Single,1,45,688
Rohan Verma,919800006349,37,Female,Kolkata,61787,Y,Y,Y,Master,Divorced,0,71,1319
Diya Patel,919800010790,39,Female,Lucknow,18169,Y,N,Y,PhD,Married,1,40,21
Aisha Iyer,919800010398,43,Female,Lucknow,24336,Y,N,Y,2n Cycle,Single,1,82,31
Pooja Patel,919800002431,34,Female,Nagpur,18222,Y,N,Y,Graduation,Married,0,70,67
Aarav Iyer,919800000550,72,Male,Ahmedabad,62335,Y,Y,N,Graduation,Divorced,1,87,708
Diya Nair,919800001890,53,Female,Kochi,42033,Y,N,Y,2n Cycle,Together,2,95,25
Neha Das,919800010742,41,Female,Ahmedabad,86580,Y,Y,N,PhD,Married,0,72,746
Ishaan Khan,919800010356,67,Male,Pune,41437,Y,N,Y,PhD,Divorced,2,5,32
Ishaan Das,919800004676,73,Male,Chennai,73705,Y,Y,Y,Master,Widow,2,86,1695
Aisha Joshi,919800008852,48,Male,Indore,61064,Y,Y,Y,Graduation,Married,1,80,1080
Amit Verma,919800003565,69,Female,Mumbai,38452,Y,Y,Y,Master,Married,2,62,72
Ishaan Khan,919800005294,35,Male,Hyderabad,18358,Y,Y,Y,Graduation,Single,1,49,57
Rahul Khan,919800001958,51,Male,Nagpur,55012,Y,Y,Y,PhD,Together,1,85,660
Kabir Mehta,919800007349,51,Male,Kochi,9722,Y,Y,Y,Basic,Together,1,7,103
Aisha Verma,919800008799,40,Male,Kochi,38175,Y,Y,Y,PhD,Married,1,6,153
Amit Joshi,919800001351,68,Male,Chennai,58656,Y,Y,Y,Master,Together,1,25,1220
Vivaan Gupta,919800001045,59,Male,Chennai,52117,Y,Y,Y,Graduation,Together,1,55,279
Rohan Das,919800007732,46,Male,Jaipur,64813,Y,Y,Y,Graduation,Married,1,81,745
Priya Iyer,919800008070,51,Male,Mumbai,54222,Y,Y,N,PhD,Married,1,98,264
Amit Reddy,919800000477,38,Male,Surat,83512,Y,Y,N,Graduation,Married,0,31,2157
Kabir Verma,919800007832,65,Male,Delhi,77520,Y,Y,N,Master,Married,1,30,1526
Riya Das,919800002202,46,Female,Kochi,41154,Y,N,Y,Graduation,Together,1,98,69
Arjun Gupta,919800007396,58,Male,Delhi,80398,Y,Y,N,Graduation,Married,0,92,1597
Meera Joshi,919800004055,32,Female,Delhi,18746,Y,Y,Y,Basic,Single,1,41,64
Riya Khan,919800010340,40,Male,Kolkata,35196,Y,Y,Y,Graduation,Together,1,68,497
Neha Mehta,919800010091,68,Male,Mumbai,60230,Y,Y,Y,Graduation,Single,1,78,1067
Vivaan Gupta,919800007629,47,Female,Bangalore,22108,Y,N,Y,Graduation,Married,2,46,31
Neha Joshi,919800010640,50,Female,Jaipur,44392,Y,Y,Y,Graduation,Together,2,71,211
Saanvi Iyer,919800003498,48,Female,Chennai,55424,Y,Y,Y,PhD,Married,1,6,877
Pooja Patel,919800006742,45,Male,Bangalore,17688,Y,N,Y,Graduation,Married,1,82,11
Saanvi Patel,919800001172,41,Male,Lucknow,92491,Y,Y,N,PhD,Married,0,71,2034
Diya Patel,919800000569,33,Female,Jaipur,90273,Y,Y,N,Graduation,Single,0,32,1991
Amit Das,919800004686,62,Male,Jaipur,82571,Y,Y,N,PhD,Widow,0,28,1686
Sneha Gupta,919800001381,42,Female,Jaipur,38513,Y,Y,Y,PhD,Single,1,20,324
Aarav Joshi,919800002634,45,Male,Hyderabad,16653,Y,N,Y,Master,Single,1,10,69
Priya Patel,919800010905,69,Male,Nagpur,42586,Y,Y,Y,Graduation,Together,2,7,252
Aarav Reddy,919800001744,59,Female,Hyderabad,23529,Y,N,Y,Basic,Single,1,67,54
Aditya Singh,919800001000,63,Female,Kolkata,74881,Y,Y,Y,Master,Together,2,48,964
Rohan Singh,919800003828,73,Male,Hyderabad,71107,Y,Y,N,Graduation,Married,1,61,1327
Vivaan Singh,919800008605,60,Male,Mumbai,46910,Y,N,Y,PhD,Together,2,36,68
Meera Patel,919800010304,65,Male,Delhi,18690,Y,N,Y,Graduation,Married,0,77,60
Riya Verma,919800004351,69,Female,Nagpur,37244,Y,N,Y,Graduation,Divorced,2,90,55
Aditya Iyer,919800010129,58,Male,Kolkata,82427,Y,Y,N,Graduation,Together,0,35,1456
Aisha Verma,919800002499,66,Female,Hyderabad,75342,Y,Y,N,2n Cycle,Single,1,38,563
Saanvi Patel,919800010092,70,Female,Kolkata,70044,Y,Y,Y,Graduation,Divorced,1,46,1504
Rohan Verma,919800007500,57,Female,Bangalore,79146,Y,Y,Y,Graduation,Single,2,33,564
Amit Sharma,919800005796,61,Female,Delhi,77437,Y,Y,N,Graduation,Married,0,70,1125
Ananya Mehta,919800010556,65,Male,Chennai,54984,Y,Y,Y,Graduation,Married,1,51,358
Rahul Sharma,919800001064,53,Female,Mumbai,42403,Y,N,Y,PhD,Married,1,18,42
Diya Khan,919800000048,60,Male,Jaipur,55761,Y,Y,Y,Graduation,Together,1,97,184
Arjun Patel,919800007610,41,Male,Kochi,37292,Y,Y,Y,Graduation,Together,1,32,460
Ishaan Gupta,919800000263,79,Female,Kochi,45576,Y,Y,Y,PhD,Single,0,9,145
Karan Verma,919800010814,77,Male,Ahmedabad,70321,Y,Y,N,Graduation,Together,0,6,1376
Aarav Joshi,919800009710,55,Male,Kochi,58086,Y,Y,Y,PhD,Divorced,1,80,792
Arjun Verma,919800009292,72,Male,Kolkata,81795,Y,Y,N,Graduation,Married,0,74,1382
Aditya Khan,919800010250,77,Female,Pune,28389,Y,N,Y,Basic,Together,0,49,28
Rohan Reddy,919800007881,78,Female,Kochi,66835,Y,Y,N,Master,Married,0,21,1033
Rohan Reddy,919800005847,55,Male,Kolkata,69901,Y,Y,Y,Graduation,Divorced,1,95,882
Priya Joshi,919800000737,75,Female,Delhi,80360,Y,Y,N,PhD,Married,0,56,2231
Saanvi Verma,919800003571,63,Male,Mumbai,63342,Y,Y,Y,PhD,Together,1,48,1101
Pooja Reddy,919800007807,50,Female,Kochi,44989,Y,Y,Y,Graduation,Married,1,26,369
Diya Gupta,919800003878,44,Female,Chennai,31859,Y,N,Y,2n Cycle,Single,1,3,48
Ishaan Verma,919800005092,75,Female,Lucknow,51569,Y,Y,Y,PhD,Widow,1,39,467
Karan Nair,919800002154,53,Male,Lucknow,30372,Y,N,Y,Graduation,Widow,2,33,44
Sneha Patel,919800005394,45,Male,Delhi,16014,Y,N,N,Basic,Single,2,42,38
Sneha Gupta,919800003798,56,Male,Kochi,41120,Y,N,Y,Graduation,Married,2,80,81
Aarav Joshi,919800003524,53,Male,Lucknow,39763,Y,Y,Y,Master,Single,1,9,167
Vivaan Rao,919800005247,69,Male,Delhi,38725,Y,N,N,PhD,Married,2,52,45
Rohan Reddy,919800005883,52,Male,Hyderabad,77981,Y,Y,Y,Graduation,Married,1,78,664
Amit Joshi,919800002118,60,Female,Pune,62905,Y,Y,N,2n Cycle,Married,1,68,622
Ananya Joshi,919800008812,45,Female,Kolkata,13533,Y,N,Y,2n Cycle,Divorced,1,45,48
Riya Patel,919800006616,49,Female,Ahmedabad,59481,Y,Y,N,Graduation,Together,1,47,461
Ananya Sharma,919800002797,47,Male,Delhi,72117,Y,Y,Y,Graduation,Married,1,34,1073
Pooja Joshi,919800004328,38,Female,Surat,21955,Y,N,Y,2n Cycle,Married,1,81,55
Kabir Mehta,919800009167,68,Male,Kochi,67131,Y,Y,Y,Graduation,Married,1,72,976
Riya Joshi,919800010560,44,Male,Delhi,36802,Y,N,Y,PhD,Single,1,23,20
Arjun Verma,919800002631,42,Male,Mumbai,71853,Y,N,N,Graduation,Together,0,29,1149
Saanvi Sharma,919800008312,63,Female,Delhi,28249,Y,N,Y,Basic,Married,0,80,43
Aisha Das,919800005534,49,Female,Surat,47808,Y,Y,Y,Master,Married,1,30,224
Pooja Das,919800005093,50,Female,Kochi,25509,Y,Y,Y,PhD,Divorced,1,15,101
Amit Khan,919800007592,78,Male,Chennai,51012,Y,Y,Y,PhD,Married,0,86,209
Rahul Reddy,919800008895,39,Female,Indore,70596,Y,Y,N,Graduation,Single,0,68,968
Rohan Patel,919800008584,72,Female,Pune,85431,Y,N,N,PhD,Together,0,54,1165
Rahul Khan,919800002694,57,Male,Lucknow,42664,Y,N,Y,Graduation,Married,1,44,24
Riya Mehta,919800008910,69,Male,Jaipur,42586,Y,Y,Y,Graduation,Together,2,7,252
Aarav Gupta,919800007433,39,Female,Kochi,29760,Y,Y,Y,Graduation,Single,1,87,165
Meera Patel,919800000164,47,Male,Jaipur,28973,Y,Y,Y,PhD,Married,0,59,269
Aisha Nair,919800010477,51,Male,Nagpur,39435,Y,Y,Y,PhD,Together,1,16,102
Karan Rao,919800002681,40,Female,Jaipur,65370,Y,N,N,2n Cycle,Married,0,1,461
Sneha Reddy,919800005150,45,Female,Jaipur,20194,Y,N,Y,Basic,Single,1,64,47
Aisha Nair,919800005283,48,Female,Surat,42473,Y,N,Y,PhD,Single,2,72,144
Vivaan Nair,919800009645,56,Female,Pune,64590,Y,Y,Y,Graduation,Married,0,98,1338
Ishaan Joshi,919800010678,65,Female,Surat,71232,Y,Y,Y,Graduation,Together,1,91,917
Neha Joshi,919800007261,53,Female,Ahmedabad,34600,Y,Y,Y,Graduation,Together,2,8,318
Neha Verma,919800009648,57,Female,Indore,46904,Y,Y,Y,Graduation,Single,2,20,253
Ishaan Reddy,919800002870,51,Female,Kochi,49094,Y,Y,Y,Graduation,Married,1,6,502
Riya Mehta,919800008008,41,Female,Indore,36075,Y,N,Y,Graduation,Together,1,54,119
Aarav Nair,919800001513,45,Male,Pune,60839,Y,N,Y,2n Cycle,Together,2,72,1250
Neha Gupta,919800006173,45,Male,Kolkata,77298,Y,Y,N,Graduation,Together,1,46,969
Meera Khan,919800001419,74,Female,Nagpur,34026,Y,N,Y,Graduation,Together,2,11,76
Kabir Iyer,919800009150,61,Female,Ahmedabad,48918,Y,N,N,PhD,Single,2,21,62
Diya Joshi,919800007960,62,Male,Ahmedabad,82122,Y,Y,N,2n Cycle,Together,0,89,1382
Diya Iyer,919800001250,48,Male,Chennai,37697,Y,N,Y,Graduation,Single,1,82,84
Sneha Sharma,919800009905,72,Male,Pune,34074,Y,Y,Y,Graduation,Together,2,69,255
Priya Singh,919800010691,64,Female,Kolkata,28520,Y,N,Y,Master,Married,2,55,43
Saanvi Iyer,919800007002,69,Male,Kochi,62535,Y,Y,N,Graduation,Single,1,13,398
Ananya Joshi,919800002952,47,Male,Pune,36273,Y,Y,Y,Master,Single,1,80,76
Riya Sharma,919800008439,60,Male,Pune,63404,Y,Y,N,Graduation,Together,2,97,902
Vivaan Patel,919800000762,43,Male,Kolkata,75774,Y,Y,N,2n Cycle,Together,1,27,823
Priya Reddy,919800002831,48,Male,Nagpur,78416,Y,Y,N,Graduation,Together,1,99,1179
Neha Khan,919800006977,50,Male,Delhi,75702,Y,Y,Y,Graduation,Together,1,87,1921
Riya Singh,919800006289,73,Female,Lucknow,59385,Y,Y,Y,Master,Together,2,85,185
Riya Sharma,919800004168,58,Female,Kolkata,37070,Y,Y,Y,Graduation,Single,2,30,433
Ananya Gupta,919800008397,73,Male,Indore,44689,Y,N,Y,Graduation,Married,2,82,34
Neha Verma,919800009284,66,Female,Pune,53977,Y,Y,Y,Graduation,Together,1,21,907
Saanvi Mehta,919800006237,58,Male,Lucknow,7144,Y,Y,N,PhD,Single,2,92,416
Ishaan Reddy,919800003130,60,Male,Lucknow,18701,Y,N,Y,Graduation,Single,2,95,44
Amit Das,919800001619,68,Male,Chennai,90369,Y,Y,N,Graduation,Married,0,2,1588
Diya Reddy,919800001990,50,Male,Hyderabad,63159,Y,Y,N,PhD,Single,0,74,1797
Sneha Das,919800005513,58,Female,Delhi,37758,Y,N,Y,Graduation,Together,2,49,40
Vivaan Das,919800000269,61,Female,Jaipur,46757,Y,Y,Y,PhD,Single,1,71,1143
Meera Verma,919800008093,55,Female,Delhi,79734,Y,Y,N,Master,Married,0,72,914
Kabir Reddy,919800010513,32,Female,Chennai,63207,Y,N,Y,Graduation,Together,0,68,1502
Priya Iyer,919800010177,70,Male,Hyderabad,72071,Y,Y,N,Graduation,Divorced,1,4,1338
Diya Iyer,919800002549,41,Female,Hyderabad,21840,Y,N,Y,PhD,Together,1,80,27
Priya Reddy,919800005782,42,Female,Lucknow,58582,Y,Y,Y,2n Cycle,Together,1,15,763
Kabir Gupta,919800010057,73,Male,Jaipur,72282,Y,Y,Y,Graduation,Single,0,70,1331
Pooja Rao,919800010307,68,Female,Chennai,50387,Y,Y,Y,Graduation,Married,2,91,525
Sneha Rao,919800008566,63,Female,Ahmedabad,32583,Y,N,Y,PhD,Together,2,10,9
Aarav Sharma,919800002415,62,Female,Ahmedabad,62568,Y,Y,N,Graduation,Together,1,99,953
Kabir Das,919800005684,53,Male,Nagpur,44635,Y,N,Y,Master,Divorced,2,25,68
Meera Singh,919800008334,53,Female,Bangalore,33316,Y,N,Y,Master,Single,2,34,131
Diya Nair,919800009166,56,Female,Delhi,63967,Y,Y,N,Graduation,Married,1,57,882
Aisha Singh,919800001440,46,Male,Indore,52513,Y,Y,Y,2n Cycle,Together,0,84,1149
Aarav Verma,919800000078,55,Male,Delhi,25293,Y,N,Y,Graduation,Married,1,51,37
Ananya Iyer,919800005441,59,Male,Kolkata,54111,Y,Y,Y,PhD,Widow,1,97,388
Priya Khan,919800005302,38,Female,Chennai,78394,Y,Y,N,Graduation,Together,0,13,1428
Neha Khan,919800004687,66,Female,Indore,80739,Y,Y,N,Master,Married,0,92,1633
Ananya Verma,919800001087,49,Female,Delhi,22669,Y,Y,Y,Master,Together,1,30,173
Neha Nair,919800006859,37,Male,Hyderabad,29236,Y,Y,Y,Graduation,Single,1,30,99
Arjun Iyer,919800009860,65,Female,Lucknow,44911,Y,Y,Y,Graduation,Together,1,11,215
Meera Khan,919800007129,62,Female,Chennai,54693,Y,Y,Y,PhD,Married,1,72,929
Aditya Das,919800005866,50,Female,Surat,48186,Y,Y,Y,Graduation,Together,1,39,219
Diya Iyer,919800010521,47,Female,Bangalore,54809,Y,N,N,Graduation,Married,2,0,174
Rohan Mehta,919800007393,46,Male,Pune,41580,Y,N,Y,Graduation,Together,2,15,92
Ananya Gupta,919800007849,54,Male,Pune,80336,Y,N,N,PhD,Married,0,12,1052
Kabir Gupta,919800000332,67,Male,Bangalore,47743,Y,Y,Y,Graduation,Married,1,56,275
Ishaan Mehta,919800009847,69,Female,Pune,62972,Y,Y,Y,2n Cycle,Married,1,39,587
Arjun Nair,919800000531,70,Male,Bangalore,57333,Y,Y,Y,PhD,Divorced,1,55,1662
Karan Patel,919800009576,42,Female,Surat,32313,Y,Y,Y,PhD,Together,1,60,159
Vivaan Sharma,919800006906,71,Female,Hyderabad,84953,Y,Y,N,Master,Widow,0,73,1024
Rohan Mehta,919800007419,56,Female,Kochi,27071,Y,N,Y,Master,Divorced,1,90,35
Vivaan Singh,919800003170,67,Female,Nagpur,68148,Y,Y,N,Master,Together,0,86,1042
Ishaan Khan,919800008527,59,Male,Delhi,65735,Y,Y,Y,Master,Together,2,37,395
Ananya Joshi,919800007872,49,Male,Chennai,86836,Y,Y,Y,PhD,Married,0,7,557
Rahul Patel,919800009931,61,Male,Kochi,4023,Y,N,Y,PhD,Married,2,29,9
Rahul Iyer,919800010595,34,Female,Jaipur,30093,Y,N,Y,Graduation,Married,0,19,69
Pooja Patel,919800004609,58,Female,Indore,57705,Y,Y,Y,PhD,Married,1,14,486
Meera Verma,919800005010,36,Male,Chennai,25008,Y,N,Y,Graduation,Single,1,72,34
Aisha Nair,919800004427,29,Male,Jaipur,83257,Y,Y,Y,2n Cycle,Single,0,56,1365
Meera Rao,919800011148,49,Male,Kochi,22280,Y,N,Y,Graduation,Together,1,85,13
Karan Joshi,919800001168,46,Female,Lucknow,72159,Y,Y,N,PhD,Married,0,62,1401
Saanvi Rao,919800009595,63,Female,Ahmedabad,64260,Y,Y,N,Graduation,Together,0,1,1574
Karan Khan,919800010163,40,Male,Surat,82733,Y,Y,N,PhD,Single,0,28,1323
Vivaan Mehta,919800002886,53,Male,Delhi,74290,Y,Y,Y,Master,Divorced,1,70,1217
Meera Das,919800006710,73,Male,Lucknow,58217,Y,N,Y,Master,Single,3,84,103
Rahul Joshi,919800005316,48,Male,Chennai,21024,Y,N,Y,Master,Together,0,89,84
Aditya Patel,919800009029,52,Male,Mumbai,70116,Y,N,N,PhD,Married,0,73,1536
Meera Reddy,919800000521,39,Female,Delhi,54006,Y,Y,Y,Graduation,Together,1,42,581
Karan Khan,919800001459,58,Male,Surat,69063,Y,Y,N,PhD,Married,1,16,928
Ananya Reddy,919800010241,49,Female,Kochi,11448,Y,N,Y,2n Cycle,Divorced,0,16,14
Rohan Das,919800001630,45,Male,Bangalore,61825,Y,Y,N,Graduation,Single,1,56,424
Rohan Iyer,919800003254,53,Male,Delhi,70886,Y,Y,N,Graduation,Married,1,65,960
Aarav Das,919800009064,42,Male,Mumbai,69109,Y,Y,N,Graduation,Married,0,10,1555
Ananya Joshi,919800003678,51,Female,Kochi,60208,Y,Y,Y,Graduation,Widow,2,13,656
Riya Nair,919800004227,56,Male,Surat,32889,Y,N,Y,Master,Together,2,78,55
Ishaan Singh,919800009467,40,Female,Jaipur,34738,Y,N,Y,Graduation,Single,1,51,20
Aarav Rao,919800008486,53,Male,Indore,30538,Y,Y,Y,Master,Together,1,27,367
Aisha Reddy,919800002186,47,Female,Delhi,82326,Y,Y,N,2n Cycle,Together,0,30,2257
Pooja Singh,919800003286,57,Male,Kolkata,26642,Y,N,Y,PhD,Divorced,1,71,42
Pooja Singh,919800008602,60,Female,Nagpur,69932,Y,Y,N,Graduation,Divorced,1,97,1049
Karan Reddy,919800003722,52,Male,Chennai,44503,Y,N,Y,Graduation,Single,2,83,48
Riya Joshi,919800006715,76,Male,Bangalore,60200,Y,Y,Y,PhD,Single,1,3,685
Aisha Gupta,919800004796,72,Male,Hyderabad,49638,Y,N,N,Graduation,Divorced,1,71,39
Diya Reddy,919800009612,37,Female,Nagpur,23830,Y,N,Y,2n Cycle,Single,0,3,43
Neha Singh,919800003766,65,Female,Jaipur,33051,Y,Y,Y,Master,Widow,0,15,835
Sneha Sharma,919800001399,66,Female,Kolkata,72905,Y,Y,N,Graduation,Married,0,52,1515
Ishaan Patel,919800001570,73,Female,Ahmedabad,69702,Y,Y,N,PhD,Together,1,8,1039
Arjun Patel,919800003426,49,Male,Kolkata,70300,Y,Y,Y,Graduation,Divorced,1,89,1596
Ananya Singh,919800003074,40,Male,Nagpur,70643,Y,Y,Y,PhD,Married,0,66,1828
Ishaan Mehta,919800008341,55,Male,Pune,30396,Y,N,Y,PhD,Married,1,22,34
Amit Rao,919800005180,56,Male,Chennai,50616,Y,Y,Y,PhD,Divorced,1,56,149
Riya Iyer,919800006461,55,Male,Ahmedabad,62772,Y,Y,N,Master,Single,1,74,946
Aisha Gupta,919800007679,39,Male,Pune,30298,Y,N,N,PhD,Single,0,48,28
Priya Rao,919800010702,40,Male,Surat,52413,Y,Y,Y,Graduation,Single,1,67,450
Aisha Nair,919800007505,67,Male,Jaipur,44155,Y,N,N,PhD,Married,2,24,46
Pooja Das,919800005113,53,Male,Indore,86979,Y,Y,N,PhD,Divorced,0,67,1702
Ananya Nair,919800010858,49,Male,Nagpur,76532,Y,Y,Y,Graduation,Together,2,38,820
Priya Singh,919800002961,42,Female,Surat,42081,Y,Y,Y,Graduation,Married,1,86,382
Priya Reddy,919800002747,36,Male,Bangalore,67546,Y,Y,N,PhD,Married,0,90,2126
Priya Patel,919800003010,35,Male,Pune,88420,Y,Y,N,Master,Together,0,87,2069
Kabir Mehta,919800005790,39,Female,Kolkata,31158,Y,N,Y,Graduation,Married,1,62,72
Riya Patel,919800006892,56,Male,Bangalore,61671,Y,Y,Y,Graduation,Divorced,1,23,732
Amit Reddy,919800001743,50,Male,Ahmedabad,69719,Y,N,N,Graduation,Single,0,99,801
Amit Khan,919800003578,75,Male,Ahmedabad,49160,Y,Y,Y,Graduation,Divorced,1,29,236
Rahul Singh,919800008462,46,Male,Mumbai,24882,Y,N,Y,Basic,Together,1,52,80
Ishaan Singh,919800005558,70,Male,Nagpur,90933,Y,Y,N,PhD,Single,0,90,1685
Amit Verma,919800004619,79,Female,Hyderabad,113734,Y,Y,N,PhD,Single,0,9,277
Aisha Mehta,919800008780,74,Male,Lucknow,59292,Y,Y,N,PhD,Together,1,71,507
Ananya Mehta,919800010789,60,Female,Pune,45759,Y,N,Y,PhD,Married,2,13,68
Diya Singh,919800010779,41,Male,Kochi,22148,Y,N,Y,Graduation,Single,0,16,49
Ananya Joshi,919800005896,37,Female,Bangalore,73395,Y,Y,N,Master,Married,0,94,397
Riya Khan,919800002337,53,Male,Mumbai,29819,Y,Y,Y,Graduation,Divorced,1,77,39
Amit Sharma,919800010951,56,Male,Hyderabad,45688,Y,Y,N,Graduation,Married,1,20,306
Ishaan Verma,919800000544,70,Female,Chennai,62820,Y,Y,N,Graduation,Married,0,51,976
Aditya Nair,919800000017,53,Female,Bangalore,60491,Y,Y,Y,PhD,Married,1,81,1028
Riya Sharma,919800010680,38,Female,Ahmedabad,33235,Y,Y,Y,Graduation,Together,1,71,70
Kabir Iyer,919800003265,65,Male,Nagpur,35701,Y,N,Y,Graduation,Married,0,36,46
Priya Verma,919800005623,44,Male,Surat,31535,Y,N,Y,Master,Married,1,95,51
Aarav Verma,919800005832,64,Female,Indore,92556,Y,Y,N,2n Cycle,Together,0,32,1263
Diya Singh,919800005544,54,Female,Nagpur,67384,Y,Y,Y,Graduation,Single,1,32,1490
Aarav Reddy,919800006417,53,Male,Pune,80573,Y,Y,N,Master,Together,0,85,1564
Vivaan Iyer,919800005831,57,Female,Kolkata,77870,Y,Y,Y,Graduation,Married,1,93,1815
Pooja Gupta,919800007101,61,Male,Chennai,52278,Y,Y,Y,PhD,Widow,1,24,1198
Priya Verma,919800010176,56,Female,Kochi,57107,Y,Y,Y,Graduation,Single,1,44,416
Priya Das,919800002326,34,Female,Chennai,18929,Y,N,Y,Graduation,Married,0,15,85
Ananya Gupta,919800004385,43,Female,Hyderabad,36038,Y,Y,Y,PhD,Single,1,82,47
Vivaan Khan,919800002929,48,Male,Ahmedabad,20180,Y,N,Y,Graduation,Single,0,27,137
Amit Reddy,919800010686,59,Male,Delhi,34230,Y,N,Y,PhD,Together,2,72,21
Neha Gupta,919800002546,47,Male,Mumbai,31878,Y,N,N,2n Cycle,Single,1,7,70
Riya Mehta,919800003283,52,Female,Kochi,70932,Y,Y,N,2n Cycle,Married,1,57,909
Ananya Reddy,919800003138,68,Female,Surat,91249,Y,Y,N,Graduation,Single,0,84,1676
Saanvi Nair,919800004994,81,Female,Indore,77598,Y,Y,N,Master,Single,0,53,1735
Ishaan Patel,919800007966,65,Female,Kochi,80982,Y,Y,Y,Graduation,Single,2,48,1191
Aarav Mehta,919800003112,47,Female,Mumbai,22701,Y,N,Y,Master,Married,1,2,24
Arjun Singh,919800010872,55,Female,Jaipur,55212,Y,Y,Y,PhD,Married,1,65,1182
Meera Reddy,919800002181,54,Female,Delhi,70617,Y,Y,N,Graduation,Married,0,45,1280
Saanvi Sharma,919800001867,67,Male,Chennai,64849,Y,Y,Y,Graduation,Single,0,42,1336
Vivaan Rao,919800001518,59,Female,Chennai,62694,Y,Y,Y,Master,Married,2,29,749
Pooja Joshi,919800005734,50,Male,Delhi,61917,Y,N,Y,PhD,Married,2,83,91
Aditya Joshi,919800002878,77,Male,Chennai,67472,Y,Y,N,PhD,Married,1,93,414
Aarav Rao,919800001458,42,Female,Indore,21059,Y,Y,Y,Master,Married,1,40,44
Ananya Das,919800007007,56,Female,Kochi,29543,Y,Y,Y,Master,Married,2,47,63
Rahul Joshi,919800006200,73,Female,Delhi,75903,Y,Y,N,Graduation,Married,1,50,901
Diya Khan,919800001403,49,Female,Chennai,34984,Y,N,Y,2n Cycle,Together,2,40,38
Sneha Singh,919800004827,68,Female,Delhi,54998,Y,Y,N,PhD,Single,1,3,455
Priya Reddy,919800006250,75,Female,Hyderabad,54356,Y,Y,Y,PhD,Widow,1,62,775
Rohan Singh,919800009291,65,Female,Kolkata,34242,Y,N,Y,Master,Married,1,25,15
Rahul Rao,919800002478,51,Female,Surat,25410,Y,N,N,Graduation,Married,1,48,38
Diya Das,919800001139,40,Male,Kochi,73356,Y,Y,N,PhD,Married,0,56,1512
Karan Nair,919800005138,74,Male,Bangalore,28320,Y,N,Y,Graduation,Together,1,68,43
Karan Gupta,919800005393,47,Female,Pune,23763,Y,N,Y,Graduation,Single,1,64,42
Saanvi Das,919800010413,40,Male,Kolkata,72570,Y,Y,N,Graduation,Married,0,67,1089
Saanvi Nair,919800005015,48,Male,Delhi,34529,Y,N,Y,Master,Married,1,94,162
Pooja Sharma,919800010868,73,Female,Delhi,70792,Y,Y,N,Graduation,Widow,0,82,1272
Vivaan Das,919800010676,42,Female,Kochi,63211,Y,Y,N,Graduation,Married,0,3,1173
Aisha Das,919800002495,50,Female,Indore,83891,Y,Y,N,Master,Married,1,24,816
Aditya Verma,919800007842,56,Male,Kolkata,36065,Y,Y,Y,Graduation,Single,2,54,74
Aisha Khan,919800009955,70,Male,Nagpur,39898,Y,Y,Y,Graduation,Together,1,20,134
Arjun Iyer,919800006663,84,Male,Nagpur,51141,Y,Y,Y,PhD,Single,0,96,157
Sneha Verma,919800002162,48,Male,Mumbai,56939,Y,Y,N,Graduation,Married,1,19,561
Saanvi Khan,919800003434,73,Male,Kochi,80872,Y,Y,N,Graduation,Single,0,60,1336
Aditya Verma,919800007919,48,Male,Lucknow,72335,Y,Y,Y,PhD,Together,0,2,2092
Rahul Verma,919800005626,60,Male,Chennai,61798,Y,Y,N,PhD,Single,0,13,463
Priya Singh,919800006428,74,Female,Lucknow,76842,Y,N,N,PhD,Widow,0,37,1130
Kabir Iyer,919800008514,48,Male,Lucknow,29478,Y,N,Y,Graduation,Together,1,59,20
Diya Khan,919800010448,68,Female,Chennai,46998,Y,Y,Y,Graduation,Single,1,55,377
Meera Sharma,919800002109,34,Male,Delhi,96843,Y,Y,N,Graduation,Single,0,60,1544
Priya Verma,919800007530,74,Male,Lucknow,56551,Y,N,N,PhD,Widow,2,48,138
Riya Mehta,919800008925,59,Female,Chennai,70053,Y,Y,Y,Master,Married,1,38,1012
Ananya Das,919800003009,62,Female,Mumbai,71670,Y,Y,Y,PhD,Widow,0,8,1766
Aisha Singh,919800006355,46,Female,Chennai,44359,Y,N,N,Graduation,Married,2,19,45
Pooja Nair,919800003517,72,Male,Delhi,40887,Y,Y,Y,Graduation,Single,2,32,161
Rahul Singh,919800001158,58,Female,Hyderabad,48877,Y,Y,Y,Graduation,Divorced,1,27,144
Neha Verma,919800006203,77,Female,Jaipur,74485,Y,Y,N,Graduation,Together,0,58,1734
Rahul Nair,919800007165,52,Female,Pune,64474,Y,Y,Y,Graduation,Together,1,59,823
Kabir Gupta,919800003595,61,Female,Lucknow,77226,Y,Y,N,Graduation,Together,1,29,1138
Meera Reddy,919800008537,75,Female,Ahmedabad,72643,Y,Y,N,Graduation,Widow,0,60,1429
Riya Das,919800004331,46,Male,Bangalore,85738,Y,Y,N,Master,Together,0,41,1371
Pooja Mehta,919800006281,58,Male,Nagpur,55686,Y,Y,N,Graduation,Divorced,1,27,982
Pooja Sharma,919800004338,41,Male,Chennai,39062,Y,N,N,Graduation,Single,1,28,44
Ananya Iyer,919800002452,53,Female,Indore,34600,Y,Y,Y,Graduation,Together,2,8,318
Meera Reddy,919800009507,49,Female,Ahmedabad,40794,Y,Y,Y,Graduation,Married,1,18,434
Ananya Joshi,919800008360,53,Male,Chennai,54690,Y,Y,N,2n Cycle,Married,2,76,198
Diya Patel,919800010311,55,Female,Kochi,4428,Y,Y,N,Graduation,Married,1,0,359
Rahul Mehta,919800005117,61,Female,Mumbai,32632,Y,Y,Y,2n Cycle,Married,0,32,576
Ishaan Gupta,919800004867,56,Female,Kochi,38236,Y,Y,Y,PhD,Single,2,2,88
Priya Reddy,919800009289,45,Female,Kochi,36781,Y,N,Y,Graduation,Married,1,16,63
Pooja Joshi,919800010913,40,Female,Kolkata,31385,Y,N,Y,Master,Single,1,56,27
Amit Gupta,919800003032,40,Female,Hyderabad,24570,Y,Y,Y,Graduation,Married,1,97,193
Arjun Patel,919800008524,50,Female,Jaipur,25509,Y,Y,Y,PhD,Divorced,1,15,101
Karan Sharma,919800003334,73,Male,Hyderabad,94642,Y,Y,N,Graduation,Married,0,35,2211
Aditya Joshi,919800004470,62,Male,Surat,58646,Y,N,N,Master,Married,1,3,140
Neha Rao,919800001406,49,Female,Nagpur,53201,Y,Y,Y,Graduation,Single,2,49,415
Karan Singh,919800008619,67,Female,Chennai,21994,Y,N,Y,Graduation,Together,1,4,22
Meera Iyer,919800010821,46,Male,Surat,57113,Y,Y,Y,Graduation,Married,2,45,263
Pooja Mehta,919800004552,33,Male,Bangalore,51373,Y,Y,N,Graduation,Married,0,37,393
Aditya Patel,919800000898,38,Male,Ahmedabad,23477,Y,Y,Y,Graduation,Married,1,39,147
Rohan Verma,919800009797,68,Male,Bangalore,58116,Y,Y,N,Graduation,Married,1,38,443
Pooja Reddy,919800010949,61,Female,Surat,72968,Y,Y,N,PhD,Divorced,0,8,1958
Aisha Nair,919800008212,53,Male,Chennai,39791,Y,Y,Y,Master,Married,1,89,174
Ishaan Gupta,919800006248,77,Male,Kolkata,91712,Y,Y,N,Master,Single,0,47,2217
Kabir Gupta,919800010164,66,Female,Mumbai,94472,Y,Y,Y,Graduation,Single,1,75,1691
Karan Mehta,919800004547,64,Female,Nagpur,13672,Y,N,Y,Graduation,Together,2,86,25
Aarav Verma,919800006815,44,Male,Kolkata,96547,Y,Y,N,2n Cycle,Married,0,4,809
Riya Reddy,919800004122,49,Male,Lucknow,79205,Y,Y,N,Graduation,Married,0,73,895
Diya Singh,919800010841,49,Female,Lucknow,56559,Y,Y,N,PhD,Together,1,46,484
Rahul Verma,919800005370,51,Male,Ahmedabad,32644,Y,Y,Y,PhD,Married,1,38,413
Aisha Reddy,919800000176,44,Male,Pune,67506,Y,Y,N,2n Cycle,Single,1,73,331
Amit Sharma,919800004860,54,Male,Nagpur,24206,Y,N,Y,Graduation,Single,1,66,25
Amit Sharma,919800010757,57,Female,Jaipur,28420,Y,N,Y,PhD,Divorced,1,36,13
Saanvi Gupta,919800004023,54,Male,Jaipur,22979,Y,Y,Y,Graduation,Married,1,29,115
Karan Nair,919800006679,58,Female,Kolkata,33279,Y,N,N,Graduation,Single,0,29,16
Ananya Reddy,919800009923,52,Male,Indore,46423,Y,N,Y,Master,Single,2,6,92
Amit Rao,919800007181,47,Female,Lucknow,30368,Y,N,Y,Graduation,Married,1,97,52
Priya Reddy,919800003599,54,Female,Lucknow,63684,Y,Y,Y,Graduation,Married,1,61,1464
Rohan Sharma,919800000405,60,Female,Jaipur,41638,Y,Y,Y,Graduation,Divorced,1,68,441
Diya Sharma,919800006870,65,Female,Chennai,68805,Y,Y,N,PhD,Divorced,1,73,283
Riya Mehta,919800000832,58,Female,Kolkata,65814,Y,Y,Y,PhD,Together,1,90,747
Rahul Singh,919800002002,66,Female,Ahmedabad,71964,Y,Y,N,Graduation,Divorced,0,81,1870
Karan Rao,919800003657,38,Female,Delhi,39146,Y,Y,Y,Graduation,Single,1,1,165
Meera Patel,919800000500,47,Male,Hyderabad,96876,Y,Y,N,Graduation,Together,0,79,1941
Saanvi Reddy,919800001951,43,Male,Hyderabad,34445,Y,Y,Y,Basic,Married,0,92,839
Sneha Mehta,919800003262,66,Female,Hyderabad,68281,Y,N,Y,Graduation,Single,0,31,1655
Rohan Joshi,919800004102,49,Female,Ahmedabad,37284,Y,N,Y,2n Cycle,Married,2,46,23
Vivaan Mehta,919800007042,41,Male,Surat,36790,Y,N,Y,Graduation,Married,0,14,66
Vivaan Patel,919800010598,57,Female,Delhi,27943,Y,N,Y,Graduation,Together,2,89,37
Aditya Singh,919800000255,73,Male,Mumbai,22263,Y,N,Y,Graduation,Divorced,2,31,21
Sneha Joshi,919800002375,52,Female,Jaipur,30261,Y,N,Y,Graduation,Together,3,75,22
Aditya Gupta,919800009829,46,Male,Surat,28587,Y,N,Y,Graduation,Together,1,42,78
Saanvi Rao,919800006214,42,Male,Lucknow,43815,Y,N,Y,Master,Married,1,53,79
Priya Reddy,919800004954,68,Female,Chennai,48195,Y,Y,Y,Graduation,Married,2,53,265
Sneha Gupta,919800007861,72,Female,Mumbai,77027,Y,Y,N,Master,Married,1,23,1175
Rahul Sharma,919800004837,59,Female,Mumbai,71322,Y,Y,N,PhD,Married,1,57,1305
Meera Rao,919800009423,45,Female,Hyderabad,32765,Y,N,Y,Master,Married,1,49,46
Kabir Iyer,919800004198,59,Male,Mumbai,29672,Y,N,Y,Graduation,Together,2,6,25
Diya Sharma,919800000153,71,Female,Surat,23272,Y,N,N,Graduation,Divorced,0,29,46
Sneha Joshi,919800009323,75,Female,Pune,49912,Y,Y,Y,Master,Together,1,5,874
Diya Das,919800010001,39,Female,Lucknow,7500,Y,N,Y,2n Cycle,Together,1,98,100
Rohan Sharma,919800003945,77,Female,Kochi,68117,Y,Y,Y,PhD,Widow,1,80,930
Riya Gupta,919800003799,69,Male,Ahmedabad,67225,Y,Y,Y,Graduation,Married,1,4,868
Pooja Khan,919800008625,48,Female,Delhi,17649,Y,Y,Y,Graduation,Married,1,70,45
Sneha Verma,919800003491,49,Female,Kochi,55914,Y,Y,Y,Graduation,Together,1,32,1260
Diya Singh,919800000983,40,Female,Nagpur,40059,Y,Y,Y,Graduation,Married,1,82,414
Rahul Das,919800009119,74,Male,Delhi,60905,Y,Y,N,Graduation,Together,1,27,392
Meera Singh,919800004786,47,Female,Mumbai,75330,Y,Y,Y,Graduation,Married,2,94,1109
Meera Gupta,919800005872,73,Female,Kochi,60689,Y,Y,N,Graduation,Single,1,23,639
Aarav Singh,919800006568,40,Male,Pune,38680,Y,N,Y,Graduation,Married,1,97,79
Amit Singh,919800005628,42,Female,Delhi,61416,Y,Y,Y,Graduation,Together,0,25,1665
Aisha Mehta,919800005631,33,Male,Pune,49767,Y,Y,N,Graduation,Single,0,92,692
Aisha Khan,919800004974,54,Male,Surat,83273,Y,Y,Y,Graduation,Single,3,98,1392
Amit Gupta,919800008416,43,Male,Kolkata,29009,Y,N,Y,Graduation,Married,1,19,44
Karan Khan,919800005454,45,Male,Lucknow,45057,Y,N,Y,Master,Married,1,80,50
Sneha Nair,919800004095,53,Male,Indore,37150,Y,Y,Y,Graduation,Married,1,80,467
Aisha Mehta,919800005474,54,Male,Bangalore,43020,Y,Y,Y,Graduation,Single,1,79,223
Rohan Joshi,919800004268,65,Male,Nagpur,53154,Y,Y,N,Graduation,Married,1,50,158
Kabir Sharma,919800010701,51,Male,Nagpur,65308,Y,Y,N,Graduation,Married,0,60,1211
Riya Reddy,919800003507,54,Female,Surat,76467,Y,N,Y,Graduation,Single,1,44,1575
Kabir Joshi,919800002079,77,Female,Lucknow,81044,Y,Y,N,2n Cycle,Married,0,0,1208
Amit Patel,919800000626,73,Male,Hyderabad,32871,Y,N,N,Graduation,Married,2,28,43
Karan Khan,919800004426,49,Female,Pune,55801,Y,Y,Y,Graduation,Single,2,35,527
Saanvi Rao,919800002591,65,Female,Bangalore,76320,Y,Y,N,Graduation,Widow,1,49,932
Pooja Rao,919800010509,69,Female,Pune,36927,Y,Y,Y,Master,Single,2,46,71
Aarav Khan,919800006382,71,Female,Nagpur,48794,Y,N,N,Graduation,Together,2,97,54
Sneha Sharma,919800006673,59,Male,Bangalore,23478,Y,Y,Y,Graduation,Single,0,51,129
Aarav Gupta,919800007441,51,Male,Pune,71128,Y,N,Y,Graduation,Divorced,1,80,1615
Rohan Verma,919800001071,48,Male,Kolkata,70179,Y,Y,Y,PhD,Divorced,1,10,1034
Saanvi Nair,919800010061,74,Male,Lucknow,59462,Y,Y,Y,Graduation,Married,1,29,1088
Diya Rao,919800008775,55,Female,Jaipur,38361,Y,Y,Y,Graduation,Together,1,74,137
Saanvi Singh,919800002345,42,Male,Hyderabad,70038,Y,Y,N,PhD,Together,0,54,1244
Saanvi Rao,919800000322,46,Female,Hyderabad,42554,Y,N,N,Graduation,Together,2,93,41
Aarav Sharma,919800010897,50,Female,Delhi,67445,Y,Y,Y,Graduation,Married,1,63,1174
Ananya Rao,919800000123,73,Female,Kochi,67046,Y,Y,N,Graduation,Widow,1,92,993
Rahul Rao,919800006103,76,Female,Surat,42192,Y,N,N,Graduation,Married,0,40,100
Saanvi Patel,919800007899,72,Female,Indore,77610,Y,Y,Y,PhD,Married,1,70,1680
Arjun Mehta,919800010500,40,Male,Surat,31761,Y,Y,Y,Graduation,Married,1,96,98
Amit Singh,919800001655,45,Female,Nagpur,34350,Y,N,Y,Graduation,Together,1,81,48
Riya Das,919800002406,75,Male,Bangalore,54591,Y,Y,Y,Graduation,Together,1,63,519
Meera Iyer,919800002712,68,Male,Hyderabad,71866,Y,Y,N,Graduation,Married,1,85,715
Aarav Mehta,919800005517,55,Male,Hyderabad,25293,Y,N,Y,Graduation,Married,1,51,37
Aisha Rao,919800010643,37,Male,Chennai,42000,Y,Y,Y,PhD,Single,0,23,653
Rohan Verma,919800002254,41,Female,Nagpur,69520,Y,Y,Y,Graduation,Married,0,95,1455
Karan Rao,919800010281,54,Male,Ahmedabad,64713,Y,Y,N,Graduation,Divorced,1,11,602
Diya Verma,919800006958,47,Female,Kolkata,27889,Y,N,Y,Master,Married,1,42,26
Ananya Patel,919800000954,64,Male,Delhi,22123,Y,N,Y,Basic,Widow,0,77,102
Aarav Verma,919800004643,51,Female,Delhi,27803,Y,Y,Y,Graduation,Married,1,40,176
Saanvi Reddy,919800006497,64,Female,Kochi,51651,Y,Y,Y,Graduation,Married,1,32,433
Vivaan Gupta,919800005396,36,Female,Delhi,68487,Y,Y,N,Graduation,Married,0,48,1366
Aarav Gupta,919800001052,55,Female,Hyderabad,56796,Y,Y,Y,Graduation,Married,1,24,1001
Kabir Das,919800002802,32,Female,Indore,87000,Y,Y,N,2n Cycle,Married,0,61,961
Neha Rao,919800006343,65,Female,Jaipur,79823,Y,Y,N,Graduation,Married,1,6,1518
Neha Joshi,919800006507,44,Male,Kolkata,30828,Y,N,N,Graduation,Single,1,16,56
Aditya Nair,919800007901,53,Female,Chennai,34109,Y,N,N,Master,Married,1,39,22
Aisha Joshi,919800004865,50,Male,Hyderabad,53367,Y,Y,Y,Master,Divorced,2,2,400
Priya Iyer,919800002686,55,Female,Chennai,22390,Y,N,Y,Basic,Together,0,49,26
Ishaan Mehta,919800003107,48,Female,Chennai,71322,Y,Y,N,Graduation,Together,1,31,350
Arjun Das,919800007734,31,Male,Delhi,79244,Y,Y,N,Graduation,Absurd,0,58,1216
Karan Verma,919800001146,75,Female,Surat,49912,Y,Y,Y,Master,Together,1,5,874
Priya Nair,919800011031,74,Female,Chennai,48699,Y,N,Y,PhD,Married,2,90,40
Arjun Verma,919800007428,49,Male,Jaipur,80144,Y,Y,N,Graduation,Together,0,47,1367
Ananya Khan,919800000975,68,Female,Hyderabad,54252,Y,Y,Y,Graduation,Single,2,25,264
Aarav Singh,919800001103,48,Female,Surat,81929,Y,Y,Y,Master,Married,1,60,2053
Rohan Gupta,919800003422,49,Male,Jaipur,76068,Y,N,Y,Graduation,Married,1,67,1376
Aditya Gupta,919800001055,48,Male,Chennai,53204,Y,N,N,Master,Married,2,40,45
Priya Khan,919800006544,75,Male,Chennai,67911,Y,Y,N,PhD,Together,1,63,976
Rohan Singh,919800001241,40,Female,Chennai,14796,Y,N,Y,2n Cycle,Married,1,1,51
Amit Singh,919800002909,50,Male,Bangalore,78128,Y,Y,N,PhD,Married,1,89,1264
Riya Mehta,919800005802,52,Male,Kolkata,14188,Y,N,Y,Basic,Married,0,40,75
Aarav Nair,919800001407,38,Female,Pune,20425,Y,N,Y,Basic,Married,1,5,57
Ishaan Gupta,919800006183,62,Male,Ahmedabad,58646,Y,N,N,Master,Married,1,3,140
Priya Joshi,919800000340,54,Male,Indore,72967,Y,Y,Y,Graduation,Divorced,1,1,497
Aditya Verma,919800005991,75,Male,Chennai,48150,Y,Y,Y,Master,Married,1,24,266
Arjun Reddy,919800003104,63,Female,Pune,82332,Y,Y,N,Graduation,Single,0,89,2006
Amit Mehta,919800009729,69,Female,Kochi,58275,Y,Y,Y,Graduation,Widow,2,48,615
Priya Iyer,919800001008,43,Female,Delhi,44953,Y,Y,Y,PhD,Together,0,31,1021
Kabir Verma,919800011091,71,Female,Jaipur,34587,Y,N,N,Graduation,Together,2,68,22
Diya Das,919800003969,50,Female,Nagpur,43018,Y,N,Y,Master,Together,1,46,133
Priya Mehta,919800001916,70,Female,Lucknow,45736,Y,Y,Y,Master,Married,1,92,437
Priya Mehta,919800009907,55,Male,Hyderabad,66476,Y,Y,N,Master,Together,1,80,1013
Amit Khan,919800000087,43,Female,Pune,27733,Y,N,Y,2n Cycle,Married,1,16,57
Riya Gupta,919800008659,72,Female,Ahmedabad,69805,Y,Y,N,PhD,Together,1,50,1038
Karan Sharma,919800006262,62,Female,Lucknow,72217,Y,Y,N,Master,Single,0,93,1573
Rahul Reddy,919800006147,53,Male,Surat,25818,Y,N,Y,Graduation,Divorced,1,51,28
Ananya Sharma,919800008832,48,Female,Chennai,37509,Y,Y,Y,Master,Together,1,24,123
Aditya Reddy,919800010067,48,Male,Ahmedabad,25176,Y,N,Y,2n Cycle,Together,2,79,13
Aisha Singh,919800007532,44,Female,Jaipur,43586,Y,Y,Y,Graduation,Married,1,26,132
Aditya Sharma,919800004915,68,Male,Bangalore,53230,Y,Y,Y,2n Cycle,Married,1,86,732
Ishaan Joshi,919800002115,67,Male,Kolkata,50116,Y,N,Y,Graduation,Together,2,68,66
Saanvi Khan,919800002088,52,Female,Pune,84906,Y,Y,N,Graduation,Together,0,98,1631
Aditya Patel,919800002493,58,Female,Kochi,61286,Y,Y,Y,Graduation,Married,1,34,608
Priya Reddy,919800006292,38,Male,Mumbai,82333,Y,Y,N,PhD,Married,0,60,1822
Aditya Singh,919800001631,59,Female,Mumbai,65220,Y,Y,Y,PhD,Together,0,3,1282
Arjun Mehta,919800010104,50,Female,Pune,33590,Y,N,Y,Graduation,Together,3,65,8
Karan Reddy,919800003006,48,Female,Bangalore,30992,Y,N,Y,Graduation,Divorced,1,83,43
Karan Patel,919800003919,48,Male,Surat,72309,Y,Y,N,Master,Single,0,64,1931
Karan Joshi,919800011181,75,Female,Nagpur,156924,Y,N,N,PhD,Married,0,85,8
Saanvi Das,919800000642,44,Female,Nagpur,16005,Y,N,Y,Basic,Married,1,69,103
Pooja Verma,919800004369,67,Male,Chennai,65487,Y,Y,N,Master,Absurd,0,48,1169
Neha Mehta,919800010127,59,Female,Jaipur,58692,Y,Y,Y,Graduation,Married,1,21,395
Kabir Mehta,919800000271,55,Male,Jaipur,40590,Y,Y,Y,Graduation,Widow,2,30,258
Rohan Gupta,919800004973,54,Male,Lucknow,20587,Y,N,Y,Graduation,Single,1,39,25
Rohan Sharma,919800002948,70,Male,Ahmedabad,62637,Y,N,N,Master,Divorced,1,76,185
Priya Rao,919800002715,58,Female,Chennai,29435,Y,Y,Y,Master,Divorced,2,11,180
Sneha Reddy,919800010432,50,Male,Chennai,19346,Y,N,Y,Graduation,Divorced,1,26,22
Ishaan Joshi,919800009216,53,Female,Jaipur,35788,Y,N,Y,Graduation,Married,2,34,44
Sneha Das,919800007124,56,Female,Surat,36997,Y,N,Y,Graduation,Divorced,2,72,94
Arjun Verma,919800009727,67,Male,Lucknow,23539,Y,N,Y,Graduation,Married,0,13,81
Aarav Das,919800005136,51,Female,Kochi,65333,Y,Y,Y,Graduation,Single,1,58,798
Rohan Singh,919800009790,67,Male,Kolkata,78499,Y,Y,N,Graduation,Single,0,12,1334
Pooja Das,919800001818,53,Male,Ahmedabad,29732,Y,N,Y,PhD,Together,1,23,38
Vivaan Singh,919800001100,64,Male,Pune,41275,Y,Y,Y,Master,Together,3,33,61
Sneha Rao,919800007873,51,Male,Indore,63516,Y,Y,Y,PhD,Together,2,30,300
Riya Nair,919800010609,62,Male,Kochi,42769,Y,N,N,PhD,Married,1,15,88
Karan Rao,919800006950,66,Male,Chennai,49572,Y,N,Y,Master,Married,2,25,54
Pooja Singh,919800007233,52,Male,Indore,69209,Y,Y,N,Graduation,Married,0,4,1782
Ishaan Nair,919800009481,48,Female,Pune,17148,Y,Y,Y,Graduation,Married,1,80,68
Aarav Verma,919800007699,55,Female,Pune,40590,Y,Y,Y,Graduation,Widow,2,30,258
Ishaan Das,919800002711,48,Male,Bangalore,30560,Y,N,Y,Master,Together,1,6,31
Priya Joshi,919800008933,41,Female,Delhi,32146,Y,N,Y,2n Cycle,Married,1,16,66
Neha Rao,919800008726,60,Male,Delhi,41713,Y,Y,Y,2n Cycle,Divorced,2,57,174
Aisha Nair,919800001515,49,Female,Chennai,34176,Y,N,N,Master,Together,1,9,28
Karan Nair,919800005186,69,Female,Chennai,58482,Y,Y,Y,PhD,Married,1,59,731
Aarav Reddy,919800010157,59,Female,Hyderabad,59686,Y,Y,N,Graduation,Single,1,78,274
Rohan Rao,919800005667,60,Male,Nagpur,60896,Y,Y,Y,PhD,Married,1,90,1701
Priya Nair,919800000902,44,Female,Mumbai,62994,Y,Y,Y,Graduation,Together,1,74,312
Aisha Nair,919800000977,67,Male,Jaipur,47320,Y,Y,Y,Graduation,Together,1,10,414
Riya Patel,919800007313,75,Male,Pune,74859,Y,Y,N,2n Cycle,Widow,0,63,1565
Diya Mehta,919800007600,32,Female,Pune,15253,Y,N,Y,Basic,Single,1,13,29
Diya Khan,919800009706,50,Male,Kolkata,31560,Y,N,Y,PhD,Single,1,98,94
Riya Verma,919800002429,70,Female,Ahmedabad,72071,Y,Y,N,Graduation,Divorced,1,4,1338
Aisha Iyer,919800003520,34,Male,Pune,91172,Y,Y,N,Master,Single,0,94,1092
Priya Das,919800010394,40,Female,Jaipur,90000,Y,Y,N,Graduation,Married,0,91,1479
Ananya Singh,919800004548,43,Female,Pune,41967,Y,N,N,Graduation,Single,2,66,54
Saanvi Reddy,919800009362,59,Female,Lucknow,69263,Y,Y,Y,Graduation,Single,1,14,568
Diya Reddy,919800003968,54,Male,Hyderabad,65706,Y,Y,Y,2n Cycle,Divorced,0,77,1199
Vivaan Reddy,919800004084,49,Male,Bangalore,60934,Y,Y,N,Graduation,Together,1,41,873
Pooja Mehta,919800006721,73,Female,Pune,71965,Y,Y,N,Graduation,Married,1,21,1213
Sneha Iyer,919800002829,69,Male,Hyderabad,65210,Y,Y,Y,Graduation,Married,1,25,731
Kabir Gupta,919800001772,49,Female,Hyderabad,79174,Y,Y,N,PhD,Married,0,2,2043
Vivaan Joshi,919800001544,57,Female,Mumbai,81380,Y,Y,N,Master,Divorced,0,51,1893
Aditya Nair,919800000492,51,Female,Delhi,48432,Y,Y,Y,PhD,YOLO,1,3,424
Sneha Patel,919800004377,53,Male,Nagpur,52914,Y,Y,Y,Graduation,Married,1,32,575
Diya Khan,919800004541,69,Male,Surat,38946,Y,Y,Y,Graduation,Together,1,84,257
Arjun Patel,919800001321,50,Female,Hyderabad,26067,Y,Y,Y,Graduation,Married,1,49,56
Amit Rao,919800008858,52,Female,Ahmedabad,44325,Y,Y,Y,PhD,Married,1,69,542
Aditya Singh,919800003266,60,Female,Nagpur,42523,Y,N,N,Graduation,Married,0,96,125
Arjun Reddy,919800011187,46,Female,Mumbai,26487,Y,N,Y,Basic,Single,1,23,69
Sneha Singh,919800008207,67,Male,Hyderabad,53233,Y,N,N,2n Cycle,Married,1,18,40
Pooja Khan,919800009723,64,Male,Indore,67716,Y,Y,Y,Graduation,Married,1,8,1016
Karan Rao,919800002666,52,Male,Lucknow,76234,Y,Y,N,Master,Married,1,21,907
Diya Iyer,919800005721,68,Male,Delhi,84117,Y,Y,N,PhD,Married,0,60,1566
Ishaan Rao,919800010652,67,Female,Pune,65487,Y,Y,N,Master,Together,0,48,1169
Aditya Gupta,919800001646,52,Male,Nagpur,25224,Y,N,N,Basic,Married,1,36,46
Pooja Sharma,919800004418,41,Female,Kochi,89616,Y,Y,N,Master,Single,0,36,1644
Arjun Rao,919800002656,53,Female,Ahmedabad,40851,Y,N,Y,Graduation,Divorced,2,63,59
Riya Rao,919800007990,77,Female,Chennai,27469,Y,N,Y,Graduation,Married,0,2,17
Pooja Sharma,919800008722,67,Male,Ahmedabad,82347,Y,Y,N,2n Cycle,Married,0,38,1853
Ananya Verma,919800007118,67,Male,Surat,73803,Y,Y,Y,Graduation,Married,1,61,1528
Neha Mehta,919800002980,72,Female,Hyderabad,8820,Y,Y,Y,Master,Single,2,52,35
Aditya Mehta,919800001839,50,Male,Jaipur,43322,Y,Y,Y,Graduation,Single,0,25,141
Vivaan Das,919800010722,51,Male,Mumbai,55593,Y,Y,Y,Graduation,Together,1,63,546
Rahul Singh,919800002632,70,Female,Lucknow,50501,Y,Y,Y,Graduation,Married,2,10,500
Riya Nair,919800009014,49,Male,Kolkata,37085,Y,Y,Y,Graduation,Married,2,65,61
Amit Nair,919800007620,34,Male,Chennai,16185,Y,N,Y,Basic,Single,1,71,106
Saanvi Singh,919800010968,55,Male,Indore,57731,Y,Y,Y,Graduation,Single,1,0,704
Ishaan Reddy,919800011133,51,Male,Mumbai,48432,Y,Y,Y,PhD,YOLO,1,3,424
Amit Nair,919800002736,46,Male,Ahmedabad,73807,Y,Y,N,Graduation,Married,1,88,849
Priya Iyer,919800001876,34,Male,Kolkata,18929,Y,N,Y,Graduation,Married,0,15,85
Priya Joshi,919800005959,56,Male,Jaipur,35893,Y,Y,Y,Graduation,Single,2,80,199
Diya Singh,919800001092,44,Male,Kolkata,61014,Y,Y,Y,Graduation,Married,1,17,1147
Saanvi Singh,919800004333,70,Female,Bangalore,32144,Y,N,Y,Graduation,Together,2,76,54
Saanvi Rao,919800003850,61,Female,Nagpur,14918,Y,N,Y,Basic,Together,1,52,43
Saanvi Khan,919800006168,61,Female,Chennai,45146,Y,N,N,Graduation,Divorced,2,28,53
Riya Verma,919800000607,69,Male,Delhi,41769,Y,Y,Y,2n Cycle,Divorced,1,31,521
Karan Mehta,919800010469,43,Female,Lucknow,88325,Y,Y,N,Graduation,Together,0,42,1623
Diya Khan,919800006983,74,Male,Jaipur,38054,Y,N,Y,Master,Divorced,2,24,45
Ishaan Patel,919800003661,29,Male,Delhi,80617,Y,Y,N,2n Cycle,Single,0,42,1435
Rohan Reddy,919800009303,48,Female,Hyderabad,5305,Y,N,Y,Graduation,Married,1,12,32
Diya Sharma,919800000692,70,Female,Bangalore,36807,Y,N,Y,Graduation,Together,2,88,16
Vivaan Verma,919800000736,41,Female,Ahmedabad,28427,Y,N,Y,Graduation,Together,1,67,52
Ishaan Rao,919800009589,76,Female,Chennai,82032,Y,Y,N,PhD,Widow,0,54,1234
Ishaan Patel,919800004838,46,Female,Nagpur,22775,Y,N,Y,Graduation,Together,1,40,15
Sneha Patel,919800009246,39,Male,Pune,40101,Y,Y,Y,Master,Together,1,73,415
Pooja Reddy,919800006261,45,Female,Delhi,58025,Y,Y,N,Graduation,Married,1,81,470
Ishaan Singh,919800007366,42,Male,Delhi,75777,Y,Y,N,Master,Single,0,12,1438
Rohan Mehta,919800010659,45,Male,Kochi,7500,Y,Y,Y,2n Cycle,Together,1,7,53
Vivaan Mehta,919800001448,61,Female,Lucknow,33562,Y,N,N,Master,Married,3,33,51
Aarav Singh,919800004286,54,Female,Lucknow,57642,Y,Y,N,PhD,Single,1,24,679
Vivaan Patel,919800004749,56,Female,Kolkata,58554,Y,Y,Y,Graduation,Together,2,55,586
Priya Verma,919800004478,45,Female,Hyderabad,63777,Y,Y,Y,Graduation,Married,2,87,653
Pooja Khan,919800004201,62,Female,Jaipur,57967,Y,Y,Y,Graduation,Single,1,39,468
Arjun Patel,919800010084,52,Female,Chennai,24434,Y,N,Y,Graduation,Married,2,9,50
Neha Nair,919800007004,40,Male,Ahmedabad,11012,Y,Y,Y,Graduation,Single,1,82,84
Aarav Iyer,919800009817,54,Male,Kolkata,44802,Y,Y,Y,Master,Single,0,71,1049
Sneha Singh,919800008080,38,Male,Lucknow,26816,Y,N,N,Graduation,Single,0,50,22
Diya Iyer,919800009432,47,Male,Hyderabad,666666,Y,Y,Y,Graduation,Together,1,23,62
Amit Sharma,919800008372,50,Male,Surat,34421,Y,N,Y,Graduation,Married,1,81,30
Vivaan Joshi,919800010870,57,Female,Surat,61223,Y,Y,Y,Graduation,Married,1,46,1341
Karan Mehta,919800004001,78,Female,Mumbai,64014,Y,Y,Y,PhD,Together,3,56,444
Kabir Mehta,919800007270,43,Male,Ahmedabad,56981,Y,N,Y,Graduation,Divorced,0,91,1241
Riya Joshi,919800008235,68,Female,Ahmedabad,69245,Y,Y,N,Master,Together,1,8,843
Arjun Verma,919800009405,70,Male,Bangalore,52869,Y,Y,Y,PhD,Married,2,40,172
